"order_id","place_name_NL","place_name_FR","d","police_uqarter","canton_of_small_claims_court"
0,"Abdijstraat","rue de l'abbaye","van slachthuisboulevard tot kasteelboulevard.",7,1
1,"Abeelstraat","rue du tremble","van brabantdam tot zakkebandstraat.",4,1
2,"Abrahamstraat","rue d'Abraham","van groot gewat tot meersteeg.",2,2
3,"Abrikoosstraat","rue de l'abricot","van brugschesteenweg tot groendreef.",6,2
4,"Academiestraat","rue de l'académie","van augustijnenkaai tot s. margrietestraat.",3,1
5,"Achterlei","quai de l'arrière-lys","van slijpstraat tot huidevetterskaai.",3,1
6,"Achtermuide","arrière-muide","van n° 170 op den meulesteedschen steenweg en uitkomende op den zelfden steenweg tusschen n°s 322 en 324.","H 3",2
7,"Ajuinenlei",,"ziet kraanlei en ook oude ajuinenlei.",,
8,"Akkerstraat",,"ziet rasphuisstraat.",,
9,"Akkergemboulevard","boul. d'akkergem","van godshuizenboulevard en bijlokevest tot nieuwe wandeling.",2,2
10,"Akkergemplaats","place d'akkergem","achter akkergemkerk, ziet akkergemboulevard.",,
11,"Akkergemsstraat","rue d'akkergem","van coupure, linker oever, tot akkergemboulevard.",2,2
12,"Akkergemvest","rempart d’akkergem","ziet akkergemboulevard.",,
13,"Ambeeldstraat","rue de l'enclume","van weversstraat tot vossenstraat.",6,2
14,"Ankerstraat","r. de l’ancre","v. priestersstr. tot stokersstr.",3,1
15,"Annonciadenstraat","rue des annonciades","van violettenlei tot twaalfkamersstraat en papegaaistraat.",2,2
16,"Antheunisstraat","rue Antheunis","van rapenstraat tot vijfwindgatstraat.",4,1
17,"Antwerpschestraat",,"ziet dampoortstraat.",,
18,"Antwerpschesteenweg","chaussée d'Anvers","van de dampoortbrug tot einde s. Amandsberg.",7,1
19,"Antwerpsche voetweg","chemin de terre","van antwerpsche steenweg (Potuit) tot antwerpsche steenweg.",,
20,"Apostelhuizen",,"ziet apostelsstraat.",,
21,"Apostelsstraat","rue des apôtres","van Frans Ackermansstraat tot zakkebandstraat.",4,1
22,"Apotheekstraat","rue de la pharmacie","van bijlokekaai tot nieuwe hospitaalstraat.",2,2
23,"Appelbrugstraat","rue du pont aux pommes","van koornlei tot breidelsteeg.",2,2
24,"Appelstraat","rue de la pomme","van rooigemstraat tot nettestraat.",6,2
25,"Arnoldusstraat","rue d'Arnold","van blandinusstraat tot s. Pietersplein.",5,2
26,"Arsenaalstraat","rue de l'arsenal","Ledeberg, van langestraat tot Vanden Heckestraat.",0,1
27,"Arteveldeplaats","place Van Artevelde","ziet Van Arteveldeplaats.",,
28,"Augustijnenkaai","quai des augustins","van lievestraat tot molenaarsstraat.",3,1
29,"Auwegemdoorgang","passage d'Auwegem ou de la préfecture","van gouvernementstr. tot conservatoriumstr.",1,2
30,"Baaisteeg","rue de la frise","van zandberg tot vlasmarkt",1,1
31,"Bagattenstraat","rue des baguettes","van nederkouter tot s. Pietersnieuwstraat.",5,2
32,"Baliestraat","rue de la barrière","van kortrijkschesteenweg tot meerschstraat, s. Pieters-Aigem.","H 5",2
34,"Baljuwstraat","rue du bailli","van kapellaanstraat tot kazemattenstraat.",7,1
35,"Ballenstraat","rue des balles","van kraanlei tot haringsteeg",3,1
36,"Barenstraat","rue aux barres","van spiegelstraat tot de nederschelde.",1,1
37,"Barrierestraat, b. de kortrijkschepoort","rue de la barrière, faub. de Courtrai","ziet baliestraat.",,
38,"Batterijstraat, b. de brugschepoort","rue de la batterie","van brugschesteenweg tot zuidkaai.",6,2
39,"Baudeloolei","fossé d'othon ou de baudeloo","van kleine botermarkt tot krommewal.",1,1
40,"Baudeloostraat","rue d'othon, du jardin des plantes ou baudeloo","van baudeloolei tot oudevest.",4,1
41,"Baviaanstraat","rue des babouins","van zaaimansstraat tot fabriekplaats.",3,1
42,"Beestenmarkt (nieuwe)","nouveau marché au bétail","tusschen kasteelboulevard en ’t slachthuis.",7,1
43,"Beestenmarkt (oude)","vieux marché au bétail","van de oude ossenmarkt tot zilverstraat.",1,1
44,"Begijnendreef","avenue des béguines","s. Amandsberg, van schoolstraat tot nieuw begijnhof.",,
45,"Begijnendries","plaines. Elisabeth","v. burgstr. t. rabotstr.",2,2
46,"Begijnengracht","fossé s. Elisabeth","van burgstraat tot brugschepoortstraat.",2,2
47,"Begijnhofplaats","pl. du béguinage","rond s. Elisabethkerk.",2,2
48,"Begijnenstraat","rue des béguines","van begijnhofplaats tot begijnhofboulevard.",2,2
49,"Begijnenvest",,"ziet begijnhof en begijnhofboulevard.",,
50,"Belgradestraat","rue de belgrade","van brabantdam tot keizerkarelstraat.",4,1
51,"Bellevuestraat","rue de bellevue","van coupure, linker oever, tot akkergemstraat.",2,2
52,"Bellevuestraat","rue de bellevue","Ledeberg, van hundelgemschesteenweg, rechts, tot de Schelde.",0,1
53,"Benardstraat","rue Benard","van muinkbrug tot dierentuindreef.",5,1
54,"Bennesteeg","r. des vanniers","v. mageleinstr. tot veldstr.",1,2
55,"Berensteeg","rue aux ours","van goudstraat tot rivier, achterlei.",1,1
56,"Berouwstraat","rue du repentir","van chartreuzenstraat tot tusschen vogelenzangkaai en geuzenberg.",3,1
57,"Berriesteeg","rue de la civière","ziet bronsteeg.",,
58,"Bezemsstraat","r. des balais","v. onderbergen t. struifsteeg.",2,2
59,"Bestormstraat","rue d'assaut","van onderbergen tot violettenlei.",2,2
60,"Beukstraat","rue du hêtre","van verbindingstraat tot populierstraat.",3,1
61,"Biestraat","rue de l'Abeille","van land van Waasstraat tot Oostakkerstraat.",7,1
62,"Biezenkapelstraatje","ruelle dite biezenkapel","van regnessenstraat tot nederpolder.",1,2
63,"Binnenweg","chemin de traverse","Ledeberg, van hundelgemschesteenweg tot verder op den zelfden weg.",0,1
64,"Bisdomplaats","place de l'évêché","van bij s. Baafs tot reep.",1,2
65,"Bisschopstraat","rue Bisschop","Ledeberg, van hundelgemschesteenweg tot scheldekant.",0,1
66,"Blandinusstraat","rue Blandin","van s. pietersnieuwstraat tot s. amandstraat.",,
67,"Blauwmeiskensstraat",,"ziet werregarenstraat.",5,2
68,"Bleekersdijk","digue des blanchisseurs","van nieuwland tot ham.",3,1
69,"Bleekerijstraat","rue de la blanchisserie","van bleekersdijk tot ham.",3,1
70,"Blindeken","r. de l’aveugle","v. comijnstr. tot brouwersstr.",2,2
71,"Blindestraat","rue de l’aveugle","Ledeberg, ziet kleine binnenweg.",0,1
72,"Bloemstraat","rue aux fleurs","van nederkouter tot pollepelstraat.",5,2
73,"Bloemstraat","rue aux fleurs","Ledeberg.",0,1
74,"Boegsteeg","r. de la proue","v. veldstr. tot predikheerenlei.",1,2
75,"Bonteleeuwstraat","r. du lion","v. korte meire tot veldstr.",1,2
76,"Bommelstraat","rue du bondon","van ottergemschesteenweg tot zwijnaardschesteenweg, s. Pieters-Aalst.","H 5",2
77,"Boomgaardstraat","rue du verger","van hertogstraat tot roodekoningstraat.",3,1
78,"Boomstraat","rue de l’arbre","van peterceliestraat tot brugschesteenweg",6,2
79,"Botermarkt","marché au beurre","van hoogpoort tot mageleinstraat.",1,2
80,"Botermansstraat","rue des beurriers","van burgstraat tot meersteeg.",2,2
81,"Boulevard der Heirnisse","boulevard de l’Heirnisse","van kasteelboulevard tot aan de nieuwe Sluis (Gentbrugge).",7,1
82,"Boulevard der normaalschool","boulevard de l’école normale","van zwijnaardsche steenweg tot kortrijksche steenweg.","H 5",2
83,"Boulevard van akkergem","boulev. d’akkergem","v. godshuizenboulev. en bijlokevest tot nieuwe wandeling.",2,2
84,"Boulevard van het begijnhof","boulev. du béguinage","van plezantevest tot brugschepoortstraat.",2,2
85,"Boulevard van Brussel of brusselsche boulevard","boulevard de Bruxelles","van einde keizer- tot einde s. lievenstraat.",4,1
86,"Boulevard der godshuizen","boulevard des hospices","ziet godshuizenboulevard.",,
87,"Boulevard der citadel","boulevard de la citadelle","van aan de brug over de Lei aan godshuizenboulevard tot aan de nieuwe brug over de Schelde aan Terplaten. ","H 5 en 5",2
88,"Boulevard van den dierentuin",,"ziet dierentuindreef.",,
89,"Boulevard van den kleinen dok","boulevard du petit dok","v. antwerpschesteenw. tot meulesteedschesteenw. ","H 3 en 7",1
90,"Boulevard Frère-Orban","boulevard Frère-Orban","van statieplaats tot s. Lievensboulevard.",4,1
91,"Boulevard van den gasmeter","boulev. du gazomètre","van palingshuizen tot spaargeldstraat (linker oever van den verbindingsvaart). ","3 en 6",1
92,"Boulevard van het kasteel","boulevard du château","van boulevard Lousbergs tot hoek der schoolkaai.",7,1
93,"Boulevard Leopold","boulev. Leopold","van den boulevard der citadel tot kortrijkschesteenweg.","H 5",2
94,"Boulevard Lousbergs","boulev. Lousbergs","voorheen visscherij, linker oever, van den slachthuisboulevard tot de nederschelde, bij de keizerpoort.",7,1
95,"Boulevard van plaisance","boulevard de plaisance","van begijnhofboulevard tot nijverheidsplaats.",3,1
96,"Boulevard van s. Lieven","boul. s. Liévin","van brusselsche boulev. tot aan de brug over de Schelde aan terplaten.",4,1
97,"Boulevard van het slachthuis","boulevard de l’abattoir","van de schoolkaai tot boulevard Lousbergs.",7,1
98,"Boulevard van den ijzeren weg","boulevard du chemin de fer","Ledeberg, van de bellevuestr. tot den ijzeren weg.",0,1
99,"Brabantdam","rue digue de brabant","van brabantstraat tot Van Arteveldeplaats.",4,1
100,"Brabantstraat","rue de brabant","van vogelmarkt tot brabantdam.",1,2
101,"Braderijstraat","rue des rotisseurs","van groot gewat tot lievekaai.",2,2
102,"Braeckmanstraat","rue Braeckman","s. Amandsberg, in de achterstraat.",,
103,"Brandstraat","rue de l'incendie","van houtlei tot holstraat.",2,2
104,"Brederodestraat","rue Brederode","van kortrijksche steenweg tot boulevard Leopold.","H 5",2
106,"Breidelsteeg","r. des selliers","v. de appelbrug tot burgstr.",2,2
107,"Briele",,"ziet fabriekplaats.",,
108,"Bronsteeg","rue de la source, rue de la civière","v. kalanderberg tot gouvernementstraat.",1,2
109,"Brouwersstraat","rue des brasseurs","van ram tot blindeken",2,2
110,"Brugschepoortstraat","rue de la porte de Bruges","van hoogstr. en begijnengracht tot noordstr., brugschep.",2,2
111,"Brugschesteenweg, buiten de brugschepoort","chaussée de Bruges","van phoenixstraat tot Mariakerke.",6,2
112,"Brunaustraat","rue Brunau","van Oostakkerstraat tot den kouter, s. Amandsberg.",,
113,"Brusselsche boulevard",,"ziet boulevard van Brussel.",,
114,"Brusselschesteenweg","chaussée de Bruxelles","Ledeberg, van de keizerpoort tot Gentbrugge-Melle.",0,1
115,"Brusselschesteeg",,"ziet krevelsteeg.",,
116,"Brusselschestraat of keizerstraat","rue de Bruxelles ou de l'empereur","van vijfwindgatbrug tot keizerpoort.",4,1
117,"Brusselschepoortvest",,"ziet boulevard van Brussel.",,
118,"Buiten de heuvelpoort","faubourg de la porte de la colline","ziet s. Pieters-Aalst.",,
119,"Buiten de kortrijkschepoort","faubourg de la porte de Courtrai","ziet s. Pieters-Aigem.",,
120,"Burgstraat","rue de Bruges","van hoogezonnestraat tot begijnengracht.",2,2
121,"Bijlokekaai","quai de la byloque","van coupure tot bijlokemeerschen.",2,2
122,"Bijlokenhof","square de la byloque","van bijlokevest tot godshuizenboulevard.",2,2
123,"Bijlokevest","rempart de la byloque","van godshuizenstr. tot kleine bellevuestraat en akkergemboulevard.",2,2
124,"Bij het fort",,"ziet boulevard der citadel.",,
125,"Bij s. Baafs","cloître s. Bavon","van s. janstraat tot bisdomplaats en s. Baafsstraat.",1,2
126,"Bij s. Jacobs","cloître s. Jacques, place ou près s. Jacques","v. kammerstr. tot steendam, rond s. Jacobskerk.",1,1
127,"Cameliastraat","rue du camelia","v. dendermondscheweg tot nieuwe begijnhofstraat.",7,1
128,"Casinoplaats","place du casino","van holstraat tot casinostraat.",2,2
129,"Casinostraat","rue du casino","van theresianenstraat tot casinoplaats.",2,2
130,"Casinosteeg","ruelle du casino","ziet nieuwe casinostraat.",,
131,"Cataloniëstraat","rue de la catalogne","van s. janstraat tot koornmarkt.",1,2
132,"Cauderlierkaai","quai Cauderlier","ziet kuiperskaai.",,
133,"Cederstraat","rue du cèdre","van sperrenstraat tot peterceliestraat.",6,2
134,"Chartreuzenstraat","rue des chartreux","van korte schipgracht tot groot meerhem.",3,1
135,"Colpaertsteeg","impasse Colpaert","op de coupure, linker oever, straat zonder einde.",2,2
136,"Comediestraat","rue du théâtre ou de la comédie","van kouter tot recollettenplein.",1,2
137,"Comijnstraat","rue du cumin","van den ram tot peperstr.",2,2
138,"Conduitsteeg","rue du conduit","van korte meire tot veldstraat.",1,2
139,"Conservatoriumstraat","rue du Conservatoire","van Limburgstraat tot bij s. Baafs.",1,2
140,"Contributiestraat","rue de la contribution","van brugschepoortstraat tot einde coupure, rechter oever.",2,2
141,"Corianderstraat","rue de la coriandre","van walpoortbrugstraat tot grooten huidevettershoek.",5,2
142,"Coupure, linker oever","coupure, rive gauche","van verlorenbroodstraat tot phoenixstraat, brugschepoort.",2,2
143,"Coupure, rechter oever","coupure, rive droite","van lindenlei tot contributiestraat.",2,2
144,"Coupuregang","passage de la coupure","van rasphuisstraat tot coupure, rechter oever.",2,2
145,"Cozijntjesstraat","rue des cousins","ziet Van Eyckstraat.",,
146,"Dampoortstraat","rue de la porte d'Anvers","van roodetorenkaai tot antwerpschesteenweg.",7,1
147,"Dekstraat","rue des couvreurs","van s. amandstraat tot lange kazernstraat.",5,2
148,"Demildreef","avenue Demil","Ledeberg, van hundelgemschesteenweg tot de schelde.",0,1
149,"Dendermondschesteenweg","chaussée de Termonde","van antwerpschesteenweg, dampoort, tot Destelbergen.",7,1
150,"De Smetstraat","rue De Smet","in den nieuwen rabotwijk, van de brug, aan den begijnhofboulev. tot kerkstraat.",6,2
151,"De Somerstraat","rue De Somer","s. Amandsberg, van antwerpschesteenweg tot Mertensstraat.",,
152,"De Vreesebeluik","cité De Vreese","van blandinusstraat tot rogierstraat.",5,2
153,"Dierentuindreef","boulev. ou avenue du jardin zoologique","van Lieven Bauwenplaats tot s. Lievensvest.",5,1
154,"Dikkeboomstraat",,"ziet kleine hospitaalstraat.",,
155,"Dobbelhuizen",,"ziet chartreuzenstraat.",,
156,"Dok","dock, bassin du commerce ou quai du grand bassin","van voormuide tot dampoortstraat ","H 3 en 7",1
157,"Dokstraat","rue du dock","van wollestraat tot den dok.",7,1
158,"Dok, linker oever","dock, rive gauche","ziet kl. dokkaai.",,
159,"Dok, rechter oever","dock, rive droite","ziet dok.",,
160,"Donkersteeg","rue du paradis","van goudenleeuwplaats tot koornmarkt.",1,2
161,"Donkerstraatje","rue obscure","van vrijdagmarkt tot steurstraat.",1,1
162,"Doode lieve",,"ziet augustijnenkaai.",,
163,"Doorgangsteeg","r. traversière","v. bennesteeg t. volderstr.",1,2
164,"Doorgangstraat","rue traversière","Ledeberg, van langestraat tot kerkstraat.",0,1
165,"Doornstraat","rue de l’épine","van Frans Ackermanstraat tot mortierstraat.",4,2
166,"Drapstraat","rue aux draps","van koornlei tot poel.",2,2
167,"Dries","le dries","Ledeberg, van brusselschesteenweg tot langestraat.",0,1
168,"Driesstraat","rue du dries","Ledeberg, van hundelgemschesteenweg tot den dries.",0,1
169,"Drongenhof","rue du bac","ziet veerdamstraat.",,
170,"Drongenschestraat of steenweg","rue ou chaussée de Tronchiennes","van rooigemstraat tot Drongen.",6,2
171,"Druifsteeg","rue des raisins","van vrijdagmarkt tot baudeloolei.",1,1
172,"Duivenstraatje","rue des pigeons","van engelstraat tot donkerstraat.",1,1
173,"Duivelsteeg","r. du diable","v. spiegelstr. tot herpelsteeg.",1,1
174,"Dwarsstraatje",,"ziet doorgangsteeg.",,
175,"Dwarsstraat","rue traversière","van muinkkaai tot dierentuindreef.",5,1
176,"Dwarsstraat",,"Ledeberg, ziet doorgangstraat.",,
177,"Eedverbondstraat","rue du compromis","van Citadellaan tot meerschstraat.","H 5",2
179,"Eendrachtstraat","rue de la concorde","van kasteellaan tot toekomststraat.",7,1
180,"Eikhoutstraat","rue de la chênaie","van kazernstraat tot citadellaan.",5,2
181,"Eggermontstraat","rue Eggermont","Ledeberg, van hundelgemschesteenweg tot vooruitgangplaats.",0,1
182,"Egmontstraat","rue d'Egmont","van kortrijkschesteenweg tot boulevard Leopold.","H 5",2
183,"Einde weire",,"is einde akkergemboulevard, linker kant.",,
184,"Eksterstraat","rue de la pie","van brugschesteenweg tot abrikoosstraat.",6,2
185,"Eliseesche velden","champs élysées","van noordkaai tot palinghuizen.",6,2
186,"Eliseescheveldenstraat","rue des champs élysées","van kerkstraat tot eliseesche velden.",6,2
187,"Elsstraat","rue de l'aulne","in den nieuwen rabotwijk, van de vlotstraat tot gasmeterboulevard.",6,2
188,"Engelstraat","rue de l’ange","van vrijdagmarkt tot garenplaats.",1,1
189,"Engelstraat","rue de l’ange","s. Amandsberg, van schoolstraat tot dendermondschesteenweg.",,
190,"Engelandgat","rue d'Angleterre","van s. michielsplein tot struifsteeg.",2,2
191,"Engelschenonnenstraat","rue des nonnes anglaises","van s. pietersnieuwstraat tot de opperschelde, muinkkaai.",5,2
192,"Esschestraat","rue du frêne","van verbindingstraat tot populierstraat.",3,1
193,"Fabriekplaats","place des fabriques","van s. Margrietestraat tot palingstraat.",3,1
194,"Fiennesdreef","avenue de Fiennes","van koornlei tot huurdochtersstraat.",2,2
195,"Fievéstraat","rue Fievé","van nieuwland tot dok.",3,1
196,"Filledieuzenham",,"ziet roodelijvekensstraat.",,
197,"Flobertstraat","rue flobert","van s. pietersplein tot s. amandstraat.",5,2
198,"Florastraat","rue de Flore","Ledeberg van Van Geertstraat tot Van Houttestraat Gentbrugge.",0,1
199,"Fortstraat","rue du fort","van kortrijksche steenweg tot zandstraat","H 5",2
200,"Frans Ackermanstraat","rue Frans Ackerman","van veerstraat tot apostelstraat.",4,1
201,"Fruitmarkt",,"ziet graslei.",,
202,"Frœbelstraat","rue Frœbel","van begijnhofplaats tot Verspeyenstraat.",2,2
203,"Galerij Vanderdonckt",,"ziet Vanderdonckt's doorgang.",,
204,"Galgenbergstraat","rue du calvaire","van holstraat tot twaalfkamersstraat.",2,2
205,"Galgestraat","rue de la potence","van kortrijkschesteenweg tot zwijnaardschesteenweg, s. Pieters-Aalst.","H 5",2
206,"Ganzendriesstraat","r. du pré des oies","van kortrijkschesteenweg tot meerschstraat, s. Pieters-Aigem.","H 5",2
207,"Garenmarkt","marché au fil","van waaistr. tot speldenstr.",1,1
208,"Gasmeterlaan","boulevard du gazomètre","van tolhuisbrug tot eliseesche velden. ","3 en 6",1
209,"Gasmeterstraat","rue du gazomètre","van kerkstraat tot gasmeterboulevard.",6,1
210,"Gasthuisstraat","rue de l’hôpital","Ledeberg, van doorgangstraat tot moriaanstraat.",0,1
211,"Geitestraat","rue de la chèvre","van drongenscheweg tot rooigemstraat",6,2
212,"Geldmunt","rue de la monnaie","van veerleplaats tot lange steenstraat.",3,1
213,"Gelukstraat","r. du bonheur","v. baudeloolei tot oudevest.",1,1
214,"Gentstraat","rue de Gand","van antwerpsche steenweg tot slootendries (Oostakker).",,
215,"Gerardstraat","rue Gérard","s. Amandsberg, van antwerpschesteenweg tot meerschstraat.",,
216,"Gerechtshofplaats",,"ziet recollettenplein.",,
217,"Gerststraat","rue de l'orge","v. molenaarsstr. tot lievegang.",3,1
218,"Geuzenberg of hoek","montagne des infidèles","van vogelenzangkaai tot einde groot meerhem.",3,1
219,"Gewat",,"ziet groot gewat en klein gewat ",,
,"Gildestraat","rue de la confrérie","van s. jacobsnieuwstr. tot kalvermarkt.",1,1
220,"Godshuishammeken","rue de la maison-dieu","van slijpstraat tot huidevetterken en Van Caneghemstraat.",3,1
221,"Godshuizenstraat","rue des hospices","van de coupure links tot bijlokevest en godshuizenboulevard.",2,2
222,"Godshuizenlaan","boulevard des hospices","van citadellaan tot akkergemlaan.",2,2
223,"Goevernementstraat","r. du gouvernement, de la préfecture ou du haut-Escaut","van bij s. Baafs tot kortedagsteeg.",1,2
224,"Goudenleeuwplaats","place du lion d'or","van korte ridderstraat en kiekenmarkt tot klein turkije.",1,2
225,"Gouden sterrestraat","rue de l’étoile d'or","van zuidkaai tot brugschesteenweg.",6,2
226,"Goudstr.","rue d'or","van speldenstr. tot minnenmeersch.",1,1
227,"Graaf van Vlaanderenplaats",,"ziet statieplaats.",,
228,"Graslei","quai aux herbes","v. grasbrug tot predikheerenlei",1,2
229,"Gravenkasteel","château des comtes","op den hoek van de veerleplaats en van de geldmunt, maakt deel der veerleplaats.",3,1
230,"Groendreef","allée-verte","van zuidkaai tot Mariakerke.",6,2
231,"Groendreefsteeg","imp. de l’allée-verte","op de groendreef.",6,2
232,"Groenstraat","rue verte","van huidevetterskaai tot Van Caneghemsstraat.",3,1
233,"Groenenbriele",,"ziet fabriekplaats.",,
234,"Groenselmarkt","marché aux légumes ou aux herbes","van hoogpoort tot kortemunt, pensmarkt en vleeschhuisbr.",1,2
235,"Groot gewat","avenue de la cour","van burgstraat tot prinsenhof.",2,2
236,"Groote huidevettershoek","grand toquet","van walpoorbrugstraat tot corianderstraat.",5,2
237,"Groot kanonplaats","place du grand canon","van langemunt tot vrijdagmarkt.",1,1
238,"Groot meerhem","quai du grand marais","van chartreuzenstraat tot klein meerhem.",3,1
239,"Gruisberg","rue des décombres","ziet winkelsstraat.",,
240,"Guinardstraat","r. Guinard","v. bagattenstr. tot Plateaustr.",5,2
241,"Haanstraat","rue du coq","van meulesteedschesteenweg tusschen nrs 258 en 260 tot achtermuide.","H 3",1
242,"Ham","r. du jambon","van roodentorenkaai t. Fievéstraat.",7,1
243,"Hamerstraat","r. du marteau","v. groendreef t. kiekenstr.",6,1
244,"Haringsteeg","rue du hareng","v. geldmunt tot hertogstr.",3,1
245,"Harmoniestraat","rue de l'harmonie","Ledeberg, van driesstraat tot pacificatiestraat.",0,1
246,"Haspelstr.","r. du dévidoir","v. rooigemstr. t. ambeeldst.",6,2
247,"Hazewindstraat","r. du lévrier","v. koornmarkt t. graslei.",1,2
248,"Heiliggeeststraat","rue du s. esprit","van cataloniëstraat tot bennesteeg.",1,2
249,"Heillig Hartstraat","rue du sacré coeur","van dendermondsche steenweg tot koningstraat.",,
250,"Heilligkerststraat",,"ziet s. salvatorstraat.",,
251,"Heilig sacramentstraat","rue du s. sacrement","van korte meire tot veldstraat.",1,2
252,"Hel (de)",,"maakt deel van het nieuwland.",,
253,"Hemelrijkstraat","rue du paradis","ziet donkersteeg.",,
254,"Hendrik Consciencestraat","rue Henri Conscience","van Plateaustraat tot rogierstraat.",5,2
255,"Henegouwensstraat","rue du Hainaut","van Vlaanderenstraat tot kalanderstraat en volderstraat.",4,1
256,"Herderstraat","rue du berger","v. werkhuisstr. tot vlasstr.",6,2
257,"Herodeszak","cul de sac d’Hérodes","in de zaaimansstraat, rechter kant.",3,1
258,"Herpelsteeg","rue du canard","van ursulinenstraat tot s. jacobsnieuwstraat.",1,2
259,"Hertstraat","rue du cerf","van muinkkaai tot dwarsstraat.",6,1
260,"Hertogstraat","rue ducale","v. kraanlei tot plottersgracht.",3,1
261,"Heuvelstraat","rue de la colline","van s. Amandstraat tot heuvelpoort.",5,2
262,"Hippoliet Lammensstraat","rue Hipp. Lammens","van begijnenstraat tot Verspeyenstraat.",2,2
263,"Hoefijzerstraat","rue du fer à-cheval","van langemunt, links, tot de rivier, kraanlei.",1,1
264,"Hoefijzerstraat","rue du fer à-cheval","Ledeberg, van kleinen binnenweg tot doorgangstraat.",0,1
265,"Hofsteeg",,"ziet 2de prinsenhofzaksteeg.",,
266,"Hofstraat","rue du jardin","van muinkkaai tot dierentuindreef.",5,1
267,"Hofsstraat","rue du jardin","Ledeberg, van boulevardstr. tot bellevuestraat.",0,1
268,"Holstraat","rue de la caverne","van hoogstraat tot galgenbergstraat.",2,2
269,"Hoofdkerkstraat","rue de la cathédrale","van s. baafsstr. tot bisdomplaats.",1,2
270,"Hoogescheldestraat","rue du haut-escaut","ziet goevernementstraat.",,
271,"Hoogezonnestraat","rue haute du soleil","van veerleplaats tot burgstraat, onthoofdbrug.",3,1
272,"Hoogpoortstraat","rue hautport","van groenselmarkt tot nederpolder.",1,2
273,"Hoogpoortstraatje",,"ziet werregarenstraat.",,
274,"Hoogstraat","rue haute","v. poel tot brugschepoortstraat",2,2
275,"Hoogstraat","rue haute","s. Amandsberg, van Brunaustraat tot dendermondschesteenweg.",,
276,"Hoornstraat","rue de la corne","van veldstraat tot predikheerenbrug.",1,2
277,"Hooie","place des prés","van tweebruggenstraat tot Van Arteveldeplaats",4,1
278,"Hooiaard","place aux foins","van koornmarkt tot pensmarkt en graslei.",1,2
279,"Hospiciestraat","rue de l’hospice","Ledeberg, ziet gasthuisstraat.",0,1
280,"Hospitaalstraat","rue de l’hôpital","van akkergemstraat tot nieuwe wandeling.",2,2
281,"Hospitaalstraatje",,"ziet kleine hospitaalstraat.",,
282,"Houtbriel","rue du chantier","van oude schaapmarkt tot kalvermarkt.",1,1
283,"Houtlei","quai au bois","van torenbrug, hoogstraat, tot violettenlei.",2,2
284,"Hoveniersberg","montagne des jardiniers","van s. pietersnieuwstraat tot opperschelde, muinkkaai.",5,2
285,"Hoveniersstraat","rue des jardiniers","van hospitaalstraat tot akkergemboulevard.",2,2
286,"Hoveniersstraat","rue des jardiniers","Ledeberg, van brusselschesteenweg tot langestraat.",0,1
287,"Huidevetterken","rue des tanneurs","van slijpstraat tot nieuwland en godshuishammeken.",3,1
288,"Huidevetterskaai","quai des tanneurs","van achterlei tot nieuwland.",3,1
289,"Huidevettershoek",,"ziet groote en kl. huidevettershoek.",,
290,"Hulststraat","rue du houx","van brugsche steenweg tot peterceliestraat.",6,2
291,"Hundelgemschesteenweg","chaussée d’Hundelgem","Ledeberg, van s. lievenspoort tot Meirelbeke.",0,1
292,"Huurdochtersstraat","rue des servantes","van koornlei tot s. michielsplaats.",2,2
293,"Jerusalemstraat",,"ziet s. Barbarastraat.",,
294,"Jesuitensstraat",,"ziet voldersstraat.",,
295,"Jodenstraat","rue des juifs","van gouvernementstraat tot conservatoriumstraat.",1,2
296,"Jordaensstraat","rue Jordaens","van rondpunt kattenberg tot korte kazernstraat.",5,2
297,"Jozef II straat","rue Joseph II","in den nieuwen rabotwijk, van De Smetstraat tot boulevard van den gasmeter, aan de brug van den spoorweg.",6,2
298,"Kaatsplaats","place du jeu de paume","van Drongenhof tot korte kalversteeg.",3,1
299,"Kalanderberg","place de la calandre","van kalanderstraat tot kouterdreef en lange meire.",1,2
300,"Kalanderstraat","rue de la calandre","van mageleinstraat tot kalanderberg.",1,2
301,"Kalvermarkt","marché aux veaux","van gildestraat tot roodentorenstraat.",1,1
302,"Kammerstraat","rue des peignes","van vrijdagmarkt tot koningstraat.",1,1
303,"Kanunnikstraat","rue des chanoines","van kortrijkschestraat tot korte en lange kazernenstraten.",5,2
304,"Kanonstraat",,"ziet waterstraatje.",,
305,"Kapellaanstraat","rue du chapelain","van de prooststraat tot de baljuwstraat.",7,1
306,"Kapellestraat","rue de la chapelle","van pekelharing tot s. agneetestraat.",2,2
307,"Kapucijnenham","hameau des capucins","van keizerkarelstraat tot apostelstraat.",4,1
308,"Kapucijnenstraat","rue des capucins","van brabantdam tot keizerkarelstraat.",4,1
309,"Karpelstraat","rue de la carpe","van toekomststraat tot snoekstraat.",7,1
310,"Karrenstraat","r. des charrettes","v. ijperstr. tot stoppelstr.",2,2
311,"Kastanjestraat","rue du marron","van vossenstraat tot peterceliestraat.",6,2
312,"Kasteelboulevard","boulevard du château","van boulevard Lousbergs tot hoek der schoolkaai.",7,1
313,"Kasteelkaai","quai du château","van roodentorenkaai tot dok (Dampoortbrug).",7,1
314,"Kasteelplein",,"ziet spanjaardskasteel.",,
315,"Kasteelstraat of kasteelbrugstraat","rue du château","van zondernaamstraat tot kasteelkaai.",7,1
316,"Kasteelvest",,"ziet boulevard van het kasteel.",,
317,"Kathelijnestraat",,"ziet s. Catharinastraat.",,
318,"Kattenbergstraat ",,"van rondpunt kattenberg tot kortrijkschestraat.",5,2
319,"Kazemattenstraat","rue des casemattes","van schoolstraat tot nieuwe beestenmarkt.",7,1
320,"Kazernplaats","place des casernes","van kanunnikstraat tot boulevard der citadel.",5,2
321,"Kazernstraat (korte)","rue courte des casernes","van St Amandstraat tot kanunnikstraat.",5,2
322,"Kazernstraat (lange)","rue longue des casernes","van korte kazernstraat tot boulevard der citadel.",5,2
323,"Kazernstraat",,"Ledeberg, uitkomende in de langestraat.",0,1
324,"Keizerkarelstraat","rue Charles V","van nieuwbrug tot Van Arteveldeplaats.",4,1
325,"Keizerstraat","rue de Bruxelles ou de l'empereur","ziet brusselschestraat.",,
326,"Keizersdreef",,"ziet groot gewat.",,
327,"Keizersvest","rempart de la porte de Bruxelles","ziet brusselsche boulevard.",,
328,"Kelderstraat","rue de la cave","ziet Frans Ackermanstr.",4,1
329,"Kerkhofsstraat","rue du cimetière","in de kerkstraat, brugschepoort.",6,2
330,"Kerkstraat, brugschepoort","rue de l’église","van noordkaai tot ijskelderstraat.",6,2
331,"Kerkstraat","rue de l’église","van H. Hartstraat tot hoogstraat.",,
332,"Kerkstraat","rue de l'église","Ledeberg, van hundelgemschesteenweg tot vooruitgangplaats.",0,1
333,"Kerkstraat","rue de l’église","Gentbrugge, van posthoornstraat, Ledeberg, naar de gemeente Gentbrugge.",0,1
334,"Kerrenstraat, ziet karrenstraat. ",,,,
,"Ketelplein","plaine des chaudronniers ou des bastions","van begin nederkouter rechts, tot de lei.",5,2
335,"Ketelstraatje",,"ziet stadhuissteeg.",,
336,"Ketelvest","rempart des chaudronniers ou des bastions","van nederkouter tot walpoortbrugstraat.",5,2
337,"Kiekenmarkt","marché aux poulets","van botermarkt tot goudenleeuwplaats.",1,2
338,"Kiekenstraat","rue du poulet","van brugschesteenweg tot hamerstraat.",6,2
339,"Kievitstraat","rue du vanneau","van musschenstraat tot s. pieters-aalststraat.","H 5",2
340,"Kleemsstraat","rue de l’argile","in den nieuwen rabotwijk, van de rabotdreef tot gasmeterlaan",6,2
341,"Kleine bellevuestraat","petite rue de bellevue","van coupure, linker oever, tot bijlokevest.",2,2
342,"Kleine binnenweg","petit chemin de traverse","Ledeberg, van binnenweg tot kerk¬ en langestraat.",0,1
343,"Kleine botermarkt","petit marché au beurre","van bij s. jacobs tot baudeloolei.",1,1
344,"Kleine dok","petit dock ou dock, rive gauche","ziet boulevard van den kleinen dok en kleine dokkaai.",,
345,"Kleine dokkaai","quai du petit dock","van antwerpschesteenweg tot voormuide langs het water.",7,1
346,"Kleine hoogpoortstraat","petite rue hautpoort","van ketelplein tot leistraat.",5,2
347,"Kleine hospitaalstraat","petite rue de l’hôpital","van akkergemsstraat tot hospitaalstraat.",2,2
348,"Kleine huidevettershoek","petit toquet","van corianderstraat tot lammerstraat.",5,2
349,"Kleine kerkstraat","petite rue de l’église","Ledeberg, van kleine binnenweg tot hoefijzerstraat.",0,1
350,"Kleine koornmarkt",,"ziet koornmarkt.",,
351,"Kleine onderstraat","petite rue basse","van onderstraat tot kammerstraat.",1,1
352,"Kleine penitentenstraat","petite rue des pénitents","van kleine botermarkt tot wolvensteeg.",1,1
353,"Kleine ramstraat","petite rue du bélier","van ram tot luxemburgstraat.",2,2
354,"Kleine reke",,"ziet bleekersdijk, van huidevetterskaai tot ham",3,1
355,"Kleine statiestraat of Poelman","petite rue de la station ou Poelman","van brabantdam tot vlaanderenstraat.",4,1
356,"Kleine s. Gillisstraat","impasse s. Gillis","in s. Gillisstraat, zonder einde.",5,1
357,"Kleine veerstraat","petite rue du ponton","van kortrijkschestraat tot de lei.",5,2
358,"Kleine vleeschhuissteeg","ruelle de la petite boucherie","van kouter tot kortedagsteeg.",1,2
359,"Kleine vischmarkt","petit marché au poisson","van vleeschhuisbrug tot veerleplaats.",3,1
360,"Kleine ijperstraat",,"ziet ijpersteeg.",,
361,"Klein gewat","petite avenue de la cour","van groot gewat tot lievekaai.",2,2
362,"Klein meerhem","place du petit marais","van groot meerhem tot nijverheidsplaats.",3,1
363,"Klein s. Pietersplein","petite plaine s. Pierre","van heuvelstraat tot voetweg.",5,2
364,"Klein Turkije","petite Turquie","van goudenleeuwplaats tot koornmarkt.",1,2
365,"Kleistraat","rue de l'argile","van zwijnaardschesteenweg tot kortrijkschesteenweg, s. Pieters-Aalst.","H 5",2
366,"Klinkkouter",,"van dendermondsche steenweg tot toekomststraat.",,
367,"Klokstraat","rue de la cloche","van gasmeterstraat tot ijskelderstraat.",6,1
368,"Kluizestraat","rue de l’hermitage","van molenaarsstraat tot lievegang.",3,1
369,"Kluyskensstraat","rue Kluyskens","van de bijlokevest, langs het nieuw hospitaal, tot de bijlokekaai.",2,2
370,"Koestraat","rue aux vaches","van kalanderberg tot kortedagsteeg.",1,2
371,"Koepoortkaai","quai aux vaches ou quai porte aux vaches","van mortierstraat tot Van Arteveldeplaats.",4,1
372,"Koepoortstraat","rue du quai porte aux vaches","ziet Van Vaernewyckstraat.",4,1
373,"Kogelstraat","rue de la balle","van antwerpschesteenweg tot weldadigheidstraat.",7,1
374,"Koningstraat","rue royale","van zandberg tot vlasmarkt.",1,1
375,"Koningstraat","rue royale","s. amandsberg, tusschen het nieuw begijnhof en den dendermondschesteenweg.",,
376,"Koningstraat",,"Ledeberg, ziet kleinen binnenweg.",,
377,"Koolsteeg","rue aux choux","v. burgstr. tot begijnendries.",2,2
378,"Koophandelplaats",,"ziet recollettenplein.",,
379,"Koornbloemstraat","rue du bluet, rue de la fleur de blé","van akkergemstraat tot kruisboogstraat.",2,2
380,"Koornlei","quai au blé","v. grasbrug tot huurdochtersstr.",2,2
381,"Koornmarkt","marché aux grains","van kortem. tot veldstr.",1,2
382,"Koperstraat","rue du cuivre","v. ijperstraat tot stoppelstr.",2,2
383,"Korte begijnenstraat","rue courte des béguines","van begijnenstraat tot proveniersstraat.",2,2
384,"Korte boomgaardstraat","rue courte du verger","van lange boomgaardstraat tot belgradestraat.",4,1
385,"Kortedagsteeg","rue courte du jour","van koestraat tot walpoortbrug.",1,2
386,"Korte kalversteeg","rue courte aux veaux","van roode koningstraat tot kaatsplaats.",3,1
387,"Korte kammerstraat","rue courte des peignes","van kammerstraat tot bij s. Jacobs.",1,1
388,"Korte kazernenstraat","rue courte des casernes","van S. Amandstr. tot lange kazernenstr. en kanunnikstr.",5,2
389,"Korte koestraat","rue courte aux vaches","van spiegelstraat tot de oude ossenmarkt.",1,1
390,"Korte krevelsteeg","rue courte des démangeaisons, ou passage de la rue de Bruxelles","van keizerstraat tot s. lievenstraat.",4,1
391,"Korte kruisstraat","rue courte de la croix","van kruisstraat tot mageleinstraat.",1,2
392,"Korte meire","rue courte du marais","van volderstraat tot kouter.",1,2
393,"Korte munt","rue courte de la monnaie","van groenselmarkt tot koornmarkt.",1,2
394,"Korte onderstraat",,"ziet kleine onderstraat.",,
395,"Korte penitentenstraat",,"ziet kleine penitentenstraat.",,
396,"Korte ridderstraat","rue courte des chevaliers","van goudenleeuwplaats tot s. Janstraat.",1,2
397,"Korte smisstraat","rue courte de la forge","van kortrijkschesteenweg tot smisstraat, s. Pieters-Aigem.","H 5",2
399,"Korte steenstraat","rue courte des pierres","van lange steenstraat tot slijpstraat.",3,1
400,"Korte stropstraat","rue courte du strop","van ottergemschesteenweg tot de schelde, s. Pieters-Aalst.","H 5",2
402,"Korte violettenstraat","rue courte des violettes","van recollettenlei tot annonciadenstraat (zottepoortbrug).",2,2
403,"Korte wijngaardstraat","rue courte de la vigne","van lange boomgaardstraat tot belgradestraat.",4,1
404,"Korte ijperstraat",,"ziet ijpersteeg.",,
405,"Korte zilverstraat","rue courte d'argent","van lievekaai tot prinsenhof.",2,2
406,"Kort onderbergen","rue courte de la vallée","van recollettenbrug tot onderbergen.",2,2
407,"Kortrijkschestraat","rue de Courtrai","van nederkouter tot kortrijkschepoort.",5,2
408,"Kortrijkschepoortstraat",,"ziet kortrijkschestraat.",,
409,"Kortrijkschesteenweg","chaussée de Courtrai","van kortrijkschepoort naar s. Denijs.","H 5",2
411,"Kortschipgracht","rue courte des bâteaux","van zaaimansstraat tot palingstraat.",3,1
412,"Kouter","place d'armes","van vogelmarkt tot schouwburgstraat en zonnestraat",1,2
413,"Kouterdreef","avenue de la place d'armes","van kalanderberg tot kouter.",1,2
414,"Koutersteeg","ruelle de la place d'armes","van koestraat tot kouter.",1,2
415,"Kozijntjensstraat","rue des cousins","ziet Van Eyckstraat.",,
416,"Kraanlei","quai de la grue","ook ajuinenlei genaamd, van veerleplaats tot oudburg.",3,1
417,"Kraanstraat","rue de la grue","van ham tot dok.",7,1
418,"Krekelberg","mont des cigales","s. Amandsberg, tusschen het nieuw begijnhof en den dendermondschesteenweg.",,
419,"Kriekerijstraat","rue de la cérisaie","van molenaarsstraat tot s. Margrietestraat.",3,1
420,"Krommenelleboog",,"ziet saliestraat.",,
421,"Krommeneesch","rue du tortillard","ziet Van Eyckstraat.",,
422,"Krommewal","rue du fossé courbe","is nu krommewalplaats.",,
423,"Krommewalplaats","place du fossé courbe","van goudstraat tot krommewalbrug",3,1
424,"Kromsteeg","rue tortue","v. cataloniëstr. tot bennesteeg.",1,2
424,"Kroonstraat ","rue de la couronne","van weversstraat tot vlasstraat.",6,2
425,"Kruisstraat","r. de la croix","v. bij s. baafs tot kalanderb.",1,2
426,"Kruisboogstraat","rue de l’arbalète","van akkergemsstraat tot koornbloemstraat.",2,2
427,"Kuipersstraat","rue des tonneliers","van plottersgracht tot lange steensstraat.",3,1
428,"Kuiperskaai","quai des tonneliers","van Lieven Bauwensplaats tot brabantdam en vlaanderenstraat.",4,1
429,"Kunststraat","rue des arts","van dendermondsche steenweg tot toekomststraat.",,
430,"Kwaadham",,"ziet spiegelstraat.",,
431,"Kwakkelstraat","rue de la caille","van kerkstraat tot pannestraat.",6,2
432,"Lammensstraat","rue de l’agneau","van s. pietersnieuwstraat tot Lieven Bauwensplaats.",5,2
433,"Landbouwersstraat","rue des cultivateurs","van meulesteeds. steenw. tusschen nrs 270 en 272 tot achtermuide.",3,1
434,"Land van Waasstraat buiten de dampoort","rue du pays de Waas","van dendermondsche- tot antwerpschesteenweg.",6,1
435,"Lange boomgaardstraat","rue longue du verger","van brabantdam tot kapucijnenham.",4,1
436,"Lange kalversteeg","rue longue aux veaux","van oudburg tot korte kalversteeg.",3,1
437,"Lange kazernenstraat","r. longue des casernes","van einde korte kazernenstr. en kanunnikstr. tot boul. der citadel.",5,2
438,"Lange krevelsteeg","rue longue des démangeaisons ou passage de la r. s. Liévin","v. keizerstr. tot s. lievenstr.",4,1
439,"Langemeire","rue longue du marais","van kalanderberg tot kortemeire.",1,2
440,"Langemunt","rue longue de la monnaie","van groenselmarkt tot groot kanonplaats.",1,1
441,"Lange penitentenstraat",,"ziet penitentenstraat.",,
442,"Lange steensstraat","rue longue des pierres","van lievestraat tot korte steenstraat.",1,1
443,"Langestraat","rue longue","Ledeberg, van hundelgemschesteenweg tot brusselschesteenweg.",0,1
444,"Lange violettenstaaat","rue longue des violettes","van Van Arteveldeplaats tot vijfwindgatbrug.",4,1
445,"Lange wijngaardstraat","rue longue de la vigne","van reep tot lange boomgaardstraat.",4,1
446,"Lang schipgracht","rue longue des bâteaux","van lange steensstraat tot zaaimanstraat.",3,1
447,"Laurens Delvauxstraat","rue Laurens Delvaux","van boulevard der citadel tot Van Hulthemstraat.",5,1
448,"Laurentstraat","rue Laurent","ziet spaarstraat (rue de l’épargne).",,
449,"Ledeganckstraat","rue Ledeganck","van zwijnaardschesteenweg tot boulevard der normaalschool.","H 5",2
450,"Leemstraat",,"ziet kleemstraat.",,
451,"Leeuwerikstraat","rue de l'alouette","van maltebrugstraat tot vinkstraat, s. Pieters-Aigem.","H 5",2
452,"Leeuw te putte",,"ziet goudenleeuwplaats.",,
453,"Leeuwstraat","rue du lion","van Benardstraat tot s. Lievensboulevard.",5,2
454,"Leikaai, buiten de brugschepoort","quai de la lys","van phoenixstraat tot Drongen.",6,2
455,"Leisteeg","ruelle de la lys","van nederkouter tot de lei (lindenlei).",5,2
456,"Leistraat, buiten de brugschepoort","rue de la lys","van rooigemstraat tot leikaai.",6,2
457,"Leistraatje","ruelle de la lys","van sluizeken tot achterlei.",3,1
458,"Leopoldstraat","rue Léopold","van roodentorenkaai tot kasteelbrugstraat.",7,1
459,"Liberteitstraat",,"ziet oranjeberg.",,
460,"Lievegang","passage de la lieve","van s. Antoniuskaai tot kluizestraat.",3,1
461,"Lievekaai","quai de la lieve","v. kl. gewat tot k. zilverstr.",2,2
462,"Lievestraat","rue de la lieve","v. lievebrug t. langesteenst.",3,1
463,"Lieven Bauwensplaats","place Liévin Bauwens","van lammenstr. tot muinkkaai, dierentuindr. en statiestr. ","4 en 5",1
464,"Limburgstraat","rue du Limbourg","van Vlaanderenstraat tot bij s. Baafs.",1,1
465,"Lindenlei","quai aux tilleuls","van recollettenlei t. coupure, rechter oever.",2,2
466,"Lindenstraat","rue des tilleuls","van palingshuizen, langs hospice Guislain, tot kerkstraat.",6,2
467,"Loostraat","rue de Loo","van kortrijkschesteenweg tot meerschstraat, s. Pieters-Aigem.","H 5",2
468,"Luxemburgstraat","rue du luxembourg","van kleine ramstraat tot ramstraat",2,2
469,"Maagdestraat","rue de la pucelle","van violettenlei tot papegaaistraat.",2,2
470,"Mageleinstraat","rue magelein ou aux marjolaines","van aan het belfort tot kalanderstraat.",1,2
471,"Maltebrugstraat","rue du pont de malte","van en tot kortrijkschesteenweg, s. pieters-aigem.","H 5",2
472,"Mannekensaarde",,"ziet groot kanonplaats.",,
473,"Maria-Theresiaplaats","place Marie-Thérèse","midden den nieuwen rabotwijk, tusschen de wondelgem¬, de MariaTheresia¬, de vlot en de torekensstraat.",6,2
474,"Maria-Theresiastraat","r. Marie-Thérèse","in den nieuwer rabotwijk, van de kerkstraat tot Maria-Therresiaplaats.",6,2
475,"Marjoleinstraat",,"ziet mageleinstraat.",,
476,"Marnixstraat","rue Marnix","eerste straat links, van de kortrijkschesteenweg tot boulevard Leopold.","H 5",2
477,"Maststraat","rue du mat","van meulesteedschesteenweg tot spadestraat.","H 3",1
478,"Mathieu-Gesweinstraat","rue Math. Geswein","van vanakensstraat tot begijnhofboulevard.",2,2
479,"Meelstraat","rue de la farine","van molenaarstraat tot lievegang.",3,1
480,"Meerschstraat","rue des prairies","s. Amandberg, van antwerpschesteenweg tot Gentstraat s. Amandsberg.",,
481,"Meerschstraat","rue des prairies","van den kortrijkschesteenweg tot s. Denijs.","H 5",2
482,"Meersteeg","rue du lac","van abrahamstr. tot burgstraat.",2,2
483,"Meirelbeekstraat","rue de Meirelbeke","van gildestraat tot oude beestenmarkt.",1,1
484,"Merelstraat","rue du merle","van zwijnaardsche steenweg tot thaliestraat.","H 5",2
486,"Mertensstraat","rue Mertens","s. Amandsberg, van De Somerstraat tot schoolstraat.",,
487,"Metsersstraat","rue des maçons","van regattendreef tot wollestraat.",7,1
488,"Meulestede","hameau de Meulestede","van meulesteedsche steenweg tot Wondelgem Evergem-Oostakker.","H 3",1
489,"Meulesteedschesteenweg","chaussée de Meulestede","van voormuide tot Meulestede.","H 3",2
490,"Minnemansteeg","rue des amants","van oude vlasmarkt tot kleine penitentenstraat.",1,1
491,"Minnemeersch","place du pré d'amour","van goudstraat tot minnemeerschbrug.",1,1
492,"Modenaaisteeg","rue des couturrières","van veldstraat tot predikheerenlei.",1,2
493,"Molekenstraat","rue du moulinet","v. veldstraat tot de lei.",1,2
494,"Molenaarstraat","rue des meuniers","van augustijnenkaai tot vogelenzangkaai.",3,1
495,"Molenstraat","rue du moulin","Ledeberg, van de vanlokerenstraat tot de langestraat.",0,1
496,"Molenstraat","rue du moulin","s. Amandsberg, achter het nieuw begijnhof.",,
497,"Molenweg","chemin du moulin","van coupure, linker oever, tot bijlokevest.",2,2
498,"Moriaanstraat","rue du maure","Ledeberg, van langestr. tot hundelgemschesteenweg.",0,1
499,"Mortierstr.","rue du mortier","v. veerstr. tot Van Eyckst. en Van Eyckplaats.",4,1
500,"Moutsteeg","rue du malte","van onderwijsstraat naar de schelde.","H 5",2
501,"Muinkbrugstraat","rue du pont des moines","van s. Amandstraat tot muinkkaai.",5,2
502,"Muinkkaai","quai des moines","van Lieven Bauwensplaats, langs de opperschelde, tot Benardstraat.",5,1
503,"Musschenstraat","r. des moineaux","van kortrijkschesteenweg tot zwijnaardschesteenweg, s. Pieters-Aalst.","H 5",2
504,"Nachtegaalstraat","rue du rossignol","van brugschesteenweg tot groendreef.",6,2
505,"Nassaustraat","rue Nassau","van kortrijkschesteenweg tot boulevard Léopold.","H 5",2
506,"Nederkouter","rue basse des champs","van ketelbrug tot kortrijkschestraat.",5,2
507,"Nederpolder","rue du bas-poldre","van hoogpoort tot roskamstraat.",1,2
508,"Nederscheldekaai",,"ziet reep.",,
509,"Nederscheldestraat","rue du bas-escaut","ziet Conservatoriumstraat.",1,2
510,"Nettestraat","rue du filet","van drongenschesteenweg tot brugschesteenweg.",6,2
511,"Nieuwbegijnhofstraat","rue du nouveau béguinage","van dendermondschesteenweg tot Oostakkerstraat.",7,1
512,"Nieuwe casinostraat","rue neuve du casino","van twaalfkamersstraat tot casinoplaats.",2,2
513,"Nieuwe hospitaalstraat","rue du nouvel hôpital","van de coupure tot het nieuw hospitaal.",2,2
514,"Nieuwe kerkstraat","nouvelle rue de l’église","van nijverheidslaan tot Wondelgem (boerenkerkstraat).",6,2
515,"Nieuwenboschstraat","rue du nouveau bois","van Van Arteveldeplaats tot tweebruggenstraat.",4,1
516,"Nieuwe sasschepoortstraat",,"ziet voormuide.",,
517,"Nieuwe straat","rue neuve","Ledeberg, van driesstraat tot brusselschesteenweg.",0,1
518,"Nieuwe theresianenstraat","rue neuve des thérésiennes","van rasphuisstraat tot theresianenstraat.",2,2
519,"Nieuwe wandeling","nouvelle promenade","van coupure, linker oever, tot akkergemboulevard.",2,2
520,"Nieuwe weg",,"ziet kanunnikstraat.",,
521,"Nieuwland","rue terre-neuve","van huidevetterskaai tot priestersstraat.",3,1
522,"Nieuwpoortje",,"ziet s. Jansdreef en ijkstraat.",,
523,"Noordkaai, b. de brugschepoort","quai du nord, faub. de Bruges","van noordstraat tot eliseeschevelden.",6,2
524,"Noordstraat","rue du nord","van brugschepoortstraat tot noordkaai (buiten de brugschepoort).",6,2
525,"Noordstraat","rue du nord","Ledeberg, van vooruitgangplaats tot langestraat (noord de kerk).",0,1
526,"Normaalschoolstraat","rue de l’école normale","van heuvelstraat tot zwijnaardschesteenweg.","H 5",2
528,"Notelaarstraat","rue du noyer","van abrikoosstraat tot groendreefstraat.",6,2
529,"Nijverheidskaai","quai de l'industrie","van tolhuisbrug tot Wondelgem.",3,1
530,"Nijverheidslaan","boulevard de l'industrie","van palingshuizen tot aan de nijverheidskaai, linkerkant van de verbindingsvaart. ","6—H 3",2
531,"Nijverheidsplaats","place de l'industrie","tusschen s. salvatorstraat en de tolhuisbrug.",3,1
532,"Oefeningsplein","champ des manoeuvres","was gelegen tusschen den boulevard van het kasteel en den dendermondscheweg, is tegenwoordig ingenomen door staats-spoorweg (station champs des manoeuvres, statie van het oefeningsplein.",7,1
533,"Okerstraat","r. de l'ocre","v. veldstr. tot predikheerenlei.",1,2
534,"Oliestraat","rue de l'huile","van steendam tot s. Jansdreef",1,1
535,"Olifantstraat","rue de l’éléphant","van dierentuindreef tot terplatenbrug.",5,1
536,"Olmstraat","rue de l'orme","van plaisantevest tot gasmeterlaan.",3,1
537,"Olijfsstraat","rue de l'olive","van hamerstraat tot notelaarstraat.",6,2
538,"Onderbergen","rue de la vallée","van s. Michielsplaats tot korte violettenstraat.",2,2
539,"Onderstraat","rue basse","van langemunt tot koningstraat",1,1
540,"Onderwijsstraat","rue de l'instruction","van ottergemschesteenweg tot zwijnaardschesteenweg, s. Pieters-Aalst","H 5",2
541,"Onze-lieve vrouwestraat","rue Notre-Dame","van boomgaardstraat tot plottersgracht.",3,1
542,"Oostakkerstraat","rue d'Oostacker","van antwerpschesteenweg tot dendermondschesteenw., op het gebied van Gent.",7,1
543,"Oostenrijkersstraat","rue des Autrichiens","van prooststraat tot spanjaardstraat",7,1
544,"Ossenstraat","rue des boeufs","van slachthuisstraat tot spanjaardstraat.",7,1
545,"Oranjeberg","rue d'Orange ou de la liberté","van kalanderberg tot gouvernementstraat.",1,2
546,"Opperscheldestraat",,"ziet gouvernementstraat.",,
547,"Ottergemschesteenweg","chaussée d'Ottergem","van de voormalige heuvelp. tot zwijnaarde, s. Pieters-Aalst.","H 5",2
548,"Ottogracht",,"ziet baudeloolei.",,
549,"Ottostraat",,"ziet baudeloostraat.",,
550,"Oudburg","rue du vieuxbourg","van kraanlei tot sluizeken.",3,1
551,"Oude ajuinenlei","vieux quai aux oignons","van predikheerenstraat tot recollettenlei.",2,2
552,"Oude driesstraat","rue vieille du pré","van den dries tot brusselschesteenweg.",0,1
553,"Oude kerkweg","vieux chemin de l’église","op akkergemstraat, zonder eind.",2,2
554,"Oude molenaarsstraat","vieille rue des meuniers","van en tot terplaten.",5,2
555,"Oudenaardschesteenweg","chaussée d'Audenarde","buiten de heuvelpoort.","H 5",2
556,"Oude ossenmarkt","vieux marché aux boeufs","van oude beestenmarkt tot weezenstraat.",1,1
557,"Oude sasschepoortstraat","rue de l'ancienne porte du sas","van klein meerhem tot dok en voormuide.","H 3",1
558,"Oude schaapenmarkt","vieux marché aux moutons","van vlasmarkt tot s. Jansdreef.",1,1
559,"Oude Scheldestraat","rue du vieil Escaut","van kuiperskaai tot Vlaanderenstraat.",4,1
560,"Oude vest","rue du vieux rempart","van baudeloostraat tot goudstraat.",1,1
561,"Oude vlasmarkt","vieux marché au lin","van vrijdagmarkt tot bij s. Jacobs.",1,1
562,"Paallepelstraat",,"ziet pollepelstraat.",,
563,"Pacificatiestraat","rue de la pacification","Ledeberg, van de vooruitgangplaats tot driesstraat.",0,1
564,"Paddenhoek","rue de la crapaudière","van kalanderberg tot voldersstraat.",1,2
565,"Palingshuizen, buiten de brugschepoort","maisons aux anguilles, faubourg de Bruges","van eliseesche-velden tot Mariakerke.",6,2
566,"Palingstraat","rue aux anguilles","van abriekplaats tot korte schipgracht.",3,1
567,"Pannestraat","rue de la tuile","van de palingshuizen tot gasmeterlaan.",6,2
568,"Papegaaistraat","rue du perroquet","van annonciadestr. tot galgenbergstraat.",2,2
569,"Papegaaistraatje",,"ziet kleine onderstraat.",,
570,"Papegaaistraatje","rue du perroquet","s. Amandsberg, van antwerpschesteenweg tot dendermondscheweg, overkant van de Oostakkerstraat.",,
571,"Papenstraat",,"ziet priestersstraat.",,
572,"Paradijszak","impasse du paradis","in de donkersteeg, zonder eind.",1,1
573,"Parkstraat","rue du parc","van het nieuw begijnhof tot oostackerstraat.",7,1
574,"Parijsberg","montagne de Paris","van lammenstraat tot de schelde.",5,1
575,"Patershool",,"ziet korte kalversteeg.",,
576,"Patijntjestraat","rue du patin","van de meerschstraat tot snepbrug, s. Pieters-Aigem.","H 5",2
577,"Pekelharing","rue du hareng-pec","v. lindelei tot ijperstr.",2,2
578,"Pelikaanstraat","r. du pelican","v. belgradestr. tot aabeelstr.",4,1
579,"Penitentenstraat","rue des pénitents","van kleine botermarkt tot wolvensteeg.",1,1
580,"Pensmarkt","marché aux tripes","van groenselmarkt tot hooiaard.",1,2
581,"Penssteeg","impasse aux tripes","op de hoogstraat, zonder eind.",2,2
582,"Pensstraat","rue aux tripes","van koornlei tot drapstraat.",2,2
583,"Peperstraat","rue du poivre","van hoogstraat tot burgstr.",2,2
584,"Perkamentstr.","r. du parchemin","van burgstr. tot de lei.",2,2
585,"Peterceliestraat","rue du persil","van boomstraat tot brugschesteenweg.",6,2
586,"Pharaïldeplaats",,"ziet veerleplaats.",,
587,"Phoenixstraat, buiten de brugschepoort","rue du phoenix, faub. de Bruges","van coupure tot brugschesteenweg.",6,2
588,"Plataanstraat","rue du platane","van plezantevest tot gasmeterlaan.",3,1
589,"Plateaustraat","rue Plateau","van nederkouter tot Sint- Pietersnieuwstraat.",5,2
590,"Plattensteeger",,"maakt deel van s. salvatorstraat.",,
591,"Plezantevest","rempart de plaisance","ziet boulevard van plaisance.",,
592,"Ploegstraat","rue de la charrue","van den meulesteedschesteenweg tusschen 160 en 162 tot ijzeren weg.","H 3",1
593,"Plottersgracht","fossé des corroyeurs","van hertogstraat tot roodekoningstraat.",3,1
594,"Pluimstraat","rue de la plume","van tinnenpotstraat tot korte zilverstraat.",2,2
595,"Poel","place du marais","van drapstraat tot hoogstraat.",2,2
596,"Poelmanstraat","rue Poelman","ziet kleine statiestraat.",,
597,"Pollepelstraat","rue de la cuiller","van savaanstraat tot bagattenstraat.",5,2
598,"Pontstraat","rue du ponton","Gentbrugge, van kerkstraat tot de schelde.",0,1
599,"Populierstraat","rue du peuplier","van boulevard van plaisance tot gasmeterlaan.",3,1
600,"Posthoornstraatje",,"ziet kromsteeg.",,
601,"Posthoornstraat","rue du cornet de poste","Ledeberg, van brusselschesteenweg tot kerkstraat en tot den dries, Gentbrugge.",0,1
602,"Pouillemarkt","marché aux poulets","ziet kiekenmarkt.",,
603,"Predikheerenlei","quai des dominicains","van graslei tot hoornstraat.",1,2
604,"Predikheerenstraat","rue des dominicains","van predikheerenbrug tot onderbergen.",2,2
605,"Priestersstr.","r. des prêtres","van s. salvatorstr. tot dok.",3,1
606,"Prinsenhof","cour du prince","v. groot gewat tot rabotweg.",2,1
607,"Prinsenstraat","rue du prince","van het prinsenhof tot de rabotstraat (voortijds de 1e prinsenhofzaksteeg).",2,2
608,"Prinsensteeg of 1e prinsenhofzaksteeg","impasse du prince","ziet prinsenstraat.",2,2
,"2e prinsenhofzakstraat of hofsteeg   ","impasse de la cour","in ’t prinsenhof, straat zonder einde.",2,2
609,"Prooststraat","rue du prévôt","van s. machariusstraat tot kazemattenstraat.",7,1
610,"Proveniersstraat","rue des prébendiers","van begijnhofplaats tot begijnenstraat.",2,2
611,"Puinstraat","rue des ruines","van boulevard Lousbergs tot ossenstraat.",7,1
612,"Quaedham",,"ziet spiegelstraat.",,
613,"Rabotdreef","avenue du rabot","in den nieuwen rabotwijk, v. De Smetstraat tot den gasmeterboulev. aan de brug van den spoorweg op de verbindingsvaart.",6,2
614,"Rabotstraat","rue du rabot","van begijnendries tot begijnhofboulevard.",2,2
615,"Rabotweg","passage de rabot","van prinsenhof tot begijnhofboulevard.",2,2
616,"Raffinadestraat","rue de la raffinerie","van waaistraat tot de lei, achterlei.",1,1
617,"Ram","rue du bélier","van hoogstraat tot burgstraat.",2,2
618,"Rapenstraat","rue des navets","van lange violettenstraat tot Antheunisstraat.",4,1
619,"Rasphuisstraat","rue de la maison de force","van hoogstraat tot coupure, rechter oever.",2,2
620,"Ravenstraat","rue du corbeau","van veldstraat tot de rivier, oude ajuinenlei.",1,2
621,"Recollettenlei","quai des récollets","van oude ajuinenlei tot lindenlei.",2,2
622,"Recollettenplein","place du palais de justice, ou place du commerce, ancienne plaine des récollets","van veldstraat en recollettenbrug tot ketelbrug.",1,2
623,"Reep","quai du bas-escaut","van brabantdam tot keizerkarelstraat.",4,1
624,"Regattendreef","avenue des régates","van ham tot dok.",7,1
625,"Registerstraat",,"ziet rogierstraat.",,
626,"Regnessenstraat","rue des régnesses","van s. Janstraat tot biezenkapelstraat.",1,2
627,"Reigerstraat","rue du héron","van ganzendriesstraat tot voskensstraat, s. Pieters-Aalst.","H 5",2
628,"Renodeynstraat",,"ziet hoveniersstraat.",,
629,"Resedastraat","rue du réséda","van brugschesteenweg tot hulststraat.",6,1
630,"Ridderstraat","rue des chevaliers","van baaisteeg tot spiegelstraat.",1,1
631,"Rietgracht ",,"maakt nu deel van boulev. van het kasteel.",,
632,"Rietstraat","rue du roseau","in den nieuwen rabotwijk, van de kerkstraat tot de vlootstraat.",6,2
633,"Rietstraatje",,"ziet koolsteeg.",,
634,"Rioolstraatje","ruelle de l'égoût","van twaalfkamersstraat tot coupure, rechter oever.",2,2
635,"Rodscheweg","chemin de Rode","Ledeberg, van hundelgemschesteenweg tot op den weg van Gontrode.",0,1
636,"Rogierstraat","rue du roger","van s. pietersnieuwstraat tot s. Hubertstraat.",5,2
637,"Rommelwater",,"ziet visscherijvest of slachthuisboulev.",,
638,"Roode koningstraat","rue du roitelet","van oudburg tot korte kalversteeg.",3,1
639,"Roodeleeuwstr. ",,"uitkomende op den hundelgemss. steenw.",0,1
640,"Roodelijvekensstraat","rue des filles-dieu ou des corsetsrouges","van slijpstraat tot chartreuzenstraat.",3,1
641,"Roodetorenkaai","quai de la tour rouge","van steendam tot kasteelkaai.",7,1
642,"Roodetorenstraat","rue de la tour rouge","van kalvermarkt tot pasbrug.",1,1
643,"Rooigemstraat","rue de Rooigem","van phoenixstraat tot geitestraat en peterceliestraat.",6,2
644,"Roosstraat",,"ziet paradijszak.",,
645,"Rozendaal",,"ziet kleine s. Gillisstraat.",,
646,"Rozendaalken","vallée aux roses","van bagattenstraat tot bloemenstraat.",5,2
647,"Roskamstraat","r. de l'étrille","v. nederpolder tot barrenstr.",1,1
648,"Rijkeklarenstraat","rue des riches-claires","van s. Lievenstraat tot boulevard Frère-Orban.",4,1
649,"Saliestraat","r. de la sauge","v. stoppelstr. t. 12kamersstr.",2,2
650,"Sasscheblindestraat","impasse du sas","in de sasschestr.","H 3",1
651,"Sasschekaai","quai du sas","van de sassluis tot de sasschepoortbrug (voormuide).","H 3",1
653,"Sasschepoortstraat",,"ziet voormuide.",,
654,"Sasschestr.","rue du sas","v. voormuide tot sasschekaai.","H 3",1
655,"Savaanstraat","rue savaen","van nederkouter tot walpoortbrugstraat.",5,2
656,"Schaliestraat","rue de l'ardoise","van de palingshuizen tot de pannestraat.",6,2
657,"Scheiergat","porte d'eau ou d’akkergem","van akkergemboulevard tot de lei.",2,2
658,"Scheldekant","rive de l'escaut","Ledeberg, van hundelgemschesteenweg tot brusselschesteenweg, Gentbrugge.",0,1
659,"Scheldesteeg","passage de l’Escaut","ziet kuiperskaai.",,
660,"Schepenhuisstraat","rue des échevins ou des grainiers","ziet zaadsteeg.",,
661,"Schietspoelstraat","rue de la navette","ziet nettestraat (rue du filet).",6,2
662,"Schildstraat,","rue du bouclier","van groendreef tot brugschesteenweg.",6,2
663,"Schoenlappersstraat","rue des savetiers","van langemunt links, tot de rivier, kraanlei.",1,1
664,"Schokkebroedersvest","rempart des Alexiens","van poel tot watergraafsstraat.",2,2
665,"Schoolkaai","quai de l’école","van De Pauwbrug tot kasteelboulevard.",7,1
666,"Schoolstraat","rue de l’école","van slachthuisboulevard tot kazemattenstraat.",7,1
667,"Schoolstraat","rue de l’école","Ledeberg, van posthoornstraat tot Gentbrugge.",0,1
668,"Schoolstraat","rue de l’école","s. Amandsberg, van antwerpschesteenweg tot molenstraat.",,
669,"Schoolstraatje","ruelle de l'école","v. schoolkaai t. schoolstr.",7,1
670,"Schouwburgstraat",,"ziet comediestraat.",,
671,"Schouwvagersstraat","rue des ramoneurs","van houtlei tot holstraat.",2,2
672,"Schreiboomstraat","rue de schreiboom ou d’Hebbrecht","van kortrijkschestraat tot de lei.",5,2
673,"Schuddeveestraat, op de koornmarkt, nu gesloten","rue de l’abri-bétail","van koornmarkt tot graslei.",1,2
674,"Schuddevischstraatje","rue de l’abri-poisson","zonder einde, op de groenselmarkt, tusschen nrs 11 en 12.",1,2
675,"Schuur- of schuurkensstraat","rue de la grange","van stoppelbergstraat tot modenaaisteeg.",1,2
676,"Seminariestraat","rue du séminaire","van regnessenstraat tot bij s. baafs.",1,2
677,"Serpentstraat",,"ziet wandelsteeg.",,
678,"S. Agneetestraat","r. s. Agnès","v. lindenlei t. wijngaardstr.",2,2
679,"S. Amandplaats","place s. Amand","tusschen s. pietersplein en s. amandstraat.",5,2
680,"S. Amandstraat","rue s. Amand","van s. pietersvrouwstraat tot heuvelstraat.",5,2
681,"S. Annastraat","rue s. Anne","van langeviolettenstraat tot het begin van den boulevard Frère-Orban.",4,1
682,"S. Antoniuskaai","quai s. Antoine","van academiebrug tot lievegang.",3,1
683,"S. Baafsklooster",,"ziet bij s. Baafs.",,
684,"S. Baafsstraat","r. s. Bavon","v. nederpolder t. bij s. Baafs.",1,2
685,"S. Barbarastraat","r. s. Barbe","v. ketelvest tot savaanstr.",5,2
686,"S. Catherinastr.","r. s. Catherine","v. gelukstr. t. goudstr.",3,1
687,"S. Crispijnstraat","rue s. Crépin","van wilderoosstraat tot vrouwmattenstraat.",2,2
688,"S. Elisabethplaats",,"ziet begijnendries.",,
689,"S. Elisabethsteeg","impasse s. Elisabeth","in de bloemstraat, zonder eind.",6,2
690,"S. Gillisstraat","rue s. Gilles","v. slijpstr. tot s. Gillisbrug.",3,1
691,"S. Hubert- of Huibrechtstraat","rue s. Hubert","van s. pietersvrouwstraat tot rogierstraat.",5,2
692,"S. Jacobsklooster",,"ziet bij s. Jacobs.",,
693,"S. Jacobsnieuwstraat","rue neuve s. Jacques","van vlasmarkt tot oude beesten- of ossenmarkt.",1,1
694,"S. Jansdreef","avenue s. Jean","van oude schaapmarkt tot steendam.",1,1
695,"S. Janstraat","rue s. Jean","v. cataloniëstr. t. bij s. Baafs.",1,2
696,"S. Jansvest","rempart s. Jean","van kortedagsteeg tot brabantstraat.",1,2
697,"S. Jorisstraat",,"ziet steendam.",,
698,"S. Jozefstraat","rue s. Joseph","van prooststraat tot s. Machariusstraat.",7,1
699,"S. Lievensboulevard",,"ziet boulevard van s. Lieven.",,
700,"S. Lievensteeg","passage de la rue s. Liévin","van s. Lievenstraat tot boulevard Frère-Orban.",4,1
701,"S. Lievenstraat","rue s. Liévin","van langeviolettenstraat tot s. lievenspoort.",4,1
702,"S. Lievensvest","rempart s. Liévin","van muinkkaai tot dierentuindreef.",5,1
703,"S. Machariusplein","plaine s. Macaire","van s. machariusstraat tot spanjaardsstraat.",7,1
704,"S. Machariusstraat","rue s. Macaire","van De Pauwbrug tot s. machariusplein.",7,1
705,"S. Margrietestraat","rue s. Marguerite","van geldmunt tot fabriekplaats.",3,1
706,"S. Martensblindeken","impasse s. Martin","op akkergemstraat, zonder einde.",2,3
707,"S. Martenskerkstraat",,"ziet s. martensblindeken.",,
708,"S. Martenstraat","rue s. Martin","van bestormstraat tot korte violettenstraat.",2,2
709,"S. Michielsplaats","place s. Michel","van koornlei en onderbergen tot s. michielstraat.",2,2
710,"S. Michielstraat","r. s. Michel","v. s. michielspl. tot poel.",2,2
711,"S. Pharaïldeplaats",,"ziet veerleplaats.",,
712,"S. Pieterstraat","rue s. Pierre","van s. pietersplein, achte. de kerk, tot opperschelde, muinkkaai.",5,2
713,"S. Pieters-Aalst","s. Pierre-Alost","van buiten de heuvelpoort en linkerkant des kortrijkschesteenweg tot Ledeberg, Zwijnaarde, s. Denijs en s. Pieters-Aigem.","H 5",2
714,"S. Pieters-Aalststraat","rue s. Pierre Alost","van den zwijnaardschesteenweg tot den kortrijkschesteenweg s. Pieters-Aalst.","H 5",2
715,"S. Pieters-Aigem","s. Pierre-Aigem","van b. de kortrijkschepoort tot s. Pieters-Aalst, s. Denijs, Afsné en Drongen.","H 5",2
716,"S. Pietersnieuwstraat","rue neuve s. Pierre","van walpoortbrugstraat tot s. pietersplein.",5,2
717,"S. Pietersplein","plaine s. Pierre","van s. pietersnieuwstraat tot heuvelstraat.",5,2
718,"S. Pietersvrouwensstraat","rue des femmes s. Pierre","van nederkouter tot s. amandstraat.",5,2
719,"S. Salvatorstr.","r. s. Sauveur","v. slijpstr. tot voormuide.",2,1
720,"Slachthuisstraat","rue de l’abattoir","van het begin van den boulevard Lousbergs tot kasteelboulevard.",7,1
721,"Slekkenhoek","impasse des limaçons","in de roodetorenstraat, zonder eind.",1,1
722,"Sluisstraat","rue de l’écluse","van het sluizeken tot krommenwal.",3,1
723,"Sluizeken","place de l’écluse","van oudburg tot slijpstraat.",3,1
724,"Sluizekenskaai","quai de l’écluse","v. tichelrij t. sluizeken.",3,1
725,"Slijpstraat","rue des remouleurs","van sluizeken en korte steenstraat tot s. Salvatorstraat.",3,1
726,"Smisstraat","rue de la forge","van kortrijkschesteenweg tot ganzendriesstraat, s. Pieters-Aigem.","H 5",2
727,"Snoekstraat","rue du brochet","van de toekomststraat tot aan den trekweg langs de Schelde.",4,1
728,"Spaansch hospitaalsteeg","impasse de l'hôpital espagnol","op de kalvermarkt, straat zonder einde.",1,1
729,"Spaarstraat","rue de l’épargne","van plezantevest tot gasmeterlaan.",3,1
730,"Spadestraat","r. de la bêche","v. de zeilstr. t. de ploegstr.","H 3",1
731,"Spanjaardskasteel","château des Espagnols, vieille citadelle","van de kasteelbrug tot aan de dampoort, tusschen de visscherij en den rietgracht, nu verdeeld in veerscheidene straten.",7,1
732,"Spanjaardskasteelkaai",,"ziet kasteelkaai.",,
733,"Spanjaardskasteelbrugstraat",,"ziet kasteelbrugstraat.",,
734,"Spanjaardsstraat","rue des Espagnols","van prooststraat tot slachthuisstraat.",7,1
735,"Speldenstraat","rue des épingles","van garenplaats tot speldenbrug, goudstraat.",1,1
736,"Sperrestraat","rue du sapin","van rooigemstraat tot brugschen steenweg.",6,2
737,"Spiegelstraat,","rue du miroir","van nederpolder tot s. Jacobsnieuwstraat.",1,1
738,"Spinnersstraat","r. des fleurs","v. rooigemstr. t. weversstr.",6,2
739,"Spijkerboorstraat","rue de la tarière","van slijpstraat tot de lei, groot meerhem, nu gesloten.",3,1
740,"Stadhuissteeg","ruelle de l’hôtel-de-ville","van goudenleeuwplaats tot hoogpoort.",1,2
741,"Stalhofstraat","rue des écuries","van heuvelstraat tot opperschelde, terplaten.",5,2
742,"Statieplaats","place de la station, place ou rue du comte de Flandre","van statiestraat tot boulev. Frère-Orban.",4,1
743,"Statiesteeg",,"ziet kleine statiestraat.",,
744,"Statiestraat","rue de la station","van Van Arteveldeplaats tot Lieven Bauwensplaats.",4,1
745,"Steendam","rue s. Georges","van bij s. Jacobs tot roodetorenkaai. s. jorisbrug.",1,1
746,"Steenhouwers- of steenkapperstraat","rue des tailleurs de pierre","Ledeberg, van nieuwestraat tot langestr.",0,1
747,"Sterrestraat","rue de l'étoile","van koornmarkt tot predikheerenlei aan s. michielsbrug.",1,2
748,"Sterrestraatje","petite rue de l'étoile","van kortrijkschestraat tot de lei.",5,2
749,"Steurstraat","rue de l'esturgeon","v. garenpl. tot druifsteeg",1,1
750,"Stierstraat","rue du taureau","van kasteelboulevard tot kazemattenstraat.",7,1
751,"Stofstraat","rue de la poussière","van recollettenlei tot onderbergen.",2,2
752,"Stokersstraat","r. des distillateurs","v. nieuwland tot dok.",3,1
753,"Stoppelbergstraat","rue mont-au-chaume","van einde koornmarkt tot predikheerenlei.",1,2
754,"Stoppelstraat","rue du chaume","van annonciadenstraat tot Waarschootstraat.",2,2
755,"Stovesteeg","imp. du poële","op de oude beestenm., z. eind.",1,1
756,"Straat zonder einde","rue sans fin","rechterkant langemunt, zonder einde.",1,1
757,"Stropkaai","quai du strop","v. terplatenbrug tot stropbrug.",5,2
758,"Stropstraat,","rue du strop","van en tot ottergemschesteenweg, s. pieters-aalst.","H 5",2
759,"Struifstraat","rue de l'ommelette","van engelandgat tot bestormstraat.",2,2
760,"Stuksken","rue de la pièce","van zakkebandstraat tot koepoortkaai.",4,1
761,"Tarwestraat","rue du froment","van molenaarstraat tot Lievegang.",3,1
762,"Tavernierstraat",,"ziet zeugesteeg.",,
763,"Tempelhof","rue des templiers","van s. Margrietestraat tot lang schipgracht.",3,1
764,"Terneuzenlaan","avenue de Terneuzen","van de sasschepoortbrug, tot meulestedebrug.","H 3",1
765,"Terplaten","quai Terplaten","van Benardstraat langs opperschelde tot Ledeberg.",5,2
766,"Thaliestraat","rue thalie","van zwijnaardsche steenweg tot ottergemsche steenweg, s. Pieters-Aalst.","H 5",2
767,"Theresianenstraat","rue des Thérésiennes","van holstraat tot coupure, rechter oever.",2,2
768,"Tichelrij","quai des tuileries","van sluizekenskaai tot roodelijvenskaai, chartreuzenbrug.",3,1
769,"Tinnenpotstraat","rue du pot-d'étain","van groot gewat tot korte zilverstraat.",2,2
770,"Tjooremaatjesmeersch",,"ziet Leopoldstraat, enz.",,
771,"Toekomststraat","rue de l’avenir","van boulevard Lousbergs tot dendermondsche steenweg, s. Amandsberg",7,1
772,"Toevluchtstraat","rue du refuge","van regnessenstraat tot nederpolder.",1,2
773,"Tolhuiskaai",,"ziet nijverheidskaai.",,
774,"Tolkaai","quai du péage","van tolhuisbrug tot de sluis van terneuzenlaan. ","H 3",1
775,"Toovereksenstraat","rue des sorcières","Ledeberg, ziet kleine binnenweg.",0,1
776,"Torrekensstraat","rue des tourelles","van de rabotdreef tot Maria-Therresiaplaats.",6,2
777,"Tulpstraat","rue de la Tulipe","tusschen de hulststraat en den brugschen steenweg.",6,2
778,"Turfsstraat","rue de la tourbe","in den nieuwen rabotwijk, van de rabotdreef tot vlootstraat.",6,2
779,"Turnerstraat",,"buiten de keizerpoort, ziet pontstraat.",,
780,"Tusschen ’t pas",,"ziet roodetorenstraat.",,
781,"Twaalfkamersstraat","rue des douze chambres","van annonciadenstraat tot coupure, rechter oever.",2,2
782,"Tweebruggenstraat","rue des deux ponts","van statieplaats tot visscherij.",4,1
783,"Twijndersstraat","rue des retordeurs","van steurstraat tot baudeloolei",1,1
784,"Uilkensstraat","rue des hiboux","van zwijnaardschesteenweg tot den ijzerenweg, s. pieters-aalst.","H 5",2
785,"Ukkelram",,"ziet belgradestraat.",,
786,"Universiteitstraat",,"ziet voldersstraat.",,
787,"Ursulinenstraat","rue des ursulines","van zandberg tot spiegelstraat.",1,1
788,"Vaartstraat","rue du canal","van ham tot dok.","H 3",1
790,"Valkstraat","rue du faucon","veldstraat tot de rivier, oude ajuinenlei.",1,2
791,"Van Akensstraat","rue Van Aken","van begijnhofplaats tot Verspeyenstraat.",2,2
792,"Van Arteveldeplaats","place Van Artevelde","van statiestraat tot koepoortkaai en nieuwenboschstraat.",4,1
793,"Van Caneghemsstraat","rue Van Caneghem","van groenstraat tot huidevetterken.",3,1
794,"Vanden Heckestraat","rue Vanden Hecke","Ledeberg, van de langestraat tot veldstraat Gentbrugge",0,1
795,"Vanderdonckt doorgang","passage Vanderdonckt","van brabantdam tot statiestraat.",4,1
796,"Vanderdoncktgalerij",,"ziet Vanderdoncktdoorgang.",,
797,"Van Eyckstraat","rue van Eyck","van keizerkarelstraat tot mortierstraat en van Eyckplaats.",4,1
798,"Van Eyckplaats","place van Eyck","einde van Eyckstraat tusschen mortierstraat tot koepoortkaai.",4,1
799,"Van Geertstraat","rue Van Geert","Ledeberg, van brusselschesteenweg tot posthoornstraat.",0,1
800,"Van Hulthemsstraat","rue Van Hulthem","van s. pietersvrouwstraat tot rondpunt kattenberg",5,2
801,"Van Lokerenstraat","rue Van Lokeren","Ledeberg, van brusselschesteenweg tot steenkappersstraat.",0,1
802,"Van Vaernewyckstraat","rue Van Vaernewyck","van Frans Ackermanstraat tot Van Eyckplaats en koepoortkaai.",4,1
803,"Van Wittemberghestraat","rue Van Wittenberghe","van rabotstraat tot begijnhofboulevard.",2,2
804,"Veerdamstraat of drongenhof","rue du Bac","van oudburg tot langesteensstraat.",3,1
805,"Veerstraat","rue du ponton","van keizerkarelstraat tot nederschelde, visscherij.",4,1
806,"Veergrepstraat","passage du ruisseau","van kortrijkschestraat tot de lei.",5,2
807,"Veerleplaats","place ste Pharaïlde","van kraanlei tot hoogezonnestraat",3,1
808,"Veldstraat","rue des champs","van koornmarkt tot recollettenplein.",1,2
809,"Vera-Paz",,"ziet sasscheblindenstraat.",,
810,"Verbindingstraat","rue du raccordement","van plezantevest tot gasmeterlaan.",3,1
811,"Verbindingstraat","rue du raccordement","van molenstraat tot koningstraat s. Amandsberg.",,
812,"Verguldenhoofdstraat",,"ziet druifsteeg ",,
812,"Verkensstraat","rue des cochons","van pluimstraat tot korte zilverstraat",2,2
813,"Verkortingstraat",,"van Gentstr. tot antwerpsche steenw. s. Amandsberg ",,
813,"Verlorenbroodstraat","rue du pain-perdu","van nederkouter tot coupure, linker oever.",5,2
814,"Verplanckestraat",,"ziet Waarschootstraat.",,
815,"Verspeyenstraat","rue Verspeyen","van rabotstraat tot begijnhofboulevard.",2,2
816,"Vildersstraat",,"ziet kouterdreef.",,
817,"Vinkstraat","rue du pinson","van den kortrijkschesteenweg tot de ganzendriesstraat",6,2
818,"Violettenlei","quai des violettes","van houtlei tot annonciadenstraat.",2,2
819,"Violettenstraat (lange)","rue longue des violettes","Van Arteveldeplaats tot vijfwindgatbrug.",4,1
820,"Visscherij","quai de la pêcherie","van tusschen de pas¬ en roodetorenbrug tot de Willembrug.",7,1
821,"Visscherij, linker oever","pêcherie, rive gauche","ziet boulevard Lousbergs.",,
822,"Visscherij",,"rechter oever, ziet visscherij.",,
823,"Visscherijvest of rommelwater","rempart de la pêcherie","ziet boulevard van het slachthuis.",,
824,"Vlaanderenstraat","rue de Flandre","van henegouwenstraat en limburgstraat tot statieplaats.",4,1
825,"Vlasmarkt","marché au lin","van bij s. Jacobs tot s. Jacobsnieuwstraat.",1,1
826,"Vlasstraat","rue au lin","van leistraat tot kroonstraat.",6,2
827,"Vlierstraat","rue du sureau","van zwijnaardsche steenweg tot de Bommelstraat.","H 5",2
828,"Vlootstraat","rue du radeau","Maria-Theresiaplaats tot kleistraat.",6,2
829,"Voetweg","rue du sentier","v. muinkbrugstr. tot heuvelstr.",5,2
830,"Vogelmarkt","marché aux oiseaux","van brabantstraat tot kouter.",1,2
831,"Vogelenzangkaai","quai du ramage","van molenaarsstraat tot geuzenberg.",3,1
832,"Voldersstraat","rue des foulons. des jésuites ou de l'université","van kalanderstraat tot veldstraat.",1,2
833,"Volmolenplaats","place du moulin à foulon","van roodetorenstraat tot nederschelde, aan de pasbrug.",1,1
834,"Voormuide","rue voormuide ou de la porte du sas","van s. salvatorstraat tot buitenmuide.","H 3",1
835,"Vooruitgangplaats","place du progrès","Ledeberg, tusschen de kerkstraat en de langestraat.",0,1
836,"Vorkstraat","rue de la fourche","van meulesteedsche steenweg tot in de weiden der achtermuide.","H 3",2
838,"Vossestraat","rue du renard","van brugschesteenweg tot rooigenistraat.",6,2
839,"Voskensstraat","rue des renardeaux","van ganzendriesstr. tot maltebrugstraat, s. Pieters-Aigem.","H 5",2
840,"Vredestraat","rue de la paix","van wollestraat tot zondernaamstraat.",7,1
841,"Vreesebeluik","cité Devreese, cité ouvrière","ziet Devreesebeluik.",,
842,"Vrouwenstraat",,"ziet s. pietersvrouwstraat.",,
843,"Vrouwenstraat",,"ziet lange wijngaardstraat ",,
843,"Vrouwmattestraat","rue des garde-couches","van onderbergen tot engelandgat.",2,2
844,"Vrijdagmarkt","marché du vendredi","van groot kannonplaats tot oude vlasmarkt.",1,1
845,"Vrijheidstraat",,"ziet oranjeberg.",,
846,"Vijfwindgatstraat","rue des cinq vannes ou cinq vents","van lange violettenstraat tot boulev. Frère-Orban.",4,1
847,"Waaistraat","rue aux vents","v. vrijdagmarkt tot garenpl.",1,1
848,"Waarschootstraat","rue Waarschoot","van perstraat tot stoppelstraat.",2,2
849,"Wagemans- of Wagenaarstr.",,"ziet zwartezustersstraat.",,
850,"Walpoortbrugstraat","rue du pont-madou","van kortedagsteeg tot s. pietersnieuwstraat.",5,2
851,"Wandelsteeg","rue de la promenade ou du serpent","van onderstraat tot kammerstraat.",1,1
852,"Wapenplaats","place d'armes","ziet kouter.",,
853,"Waasstraat","rue de la cire","van biestraat tot Oostakkerstr.",7,1
854,"Waterstraatje","ruelle de l'eau","op s. pietersnieuwstraat, eerste straat zonder einde, links.",5,2
855,"Waterpoort",,"ziet scheiergat.",,
856,"Watergraafsstraat","rue watergraaf","van s. Michielstraat tot engelandgat.",2,2
857,"Weezenstraat","rue des orphelins","van barrenstraat tot oude ossenmarkt.",1,1
858,"Weidestraat","rue du pâturage","van antwerpschesteenweg tot weldadigheidstraat.",7,1
859,"Weldadigheidstraat, dampoort","rue de la bienfaisance","van kogelstraat tot weldadigheidstr., s. Amandsberg.",7,1
860,"Weldadigheidstraat","rue de la bienfaisance","Ledeberg, van hundelgemschesteenweg tot mooriaanstraat.",0,1
861,"Weldadigheidstr.","rue de la bienfaisance","s. Amandsberg, van de weldadigheidstraat, Gent, tot meerschstraat.",,
862,"Wellinckstraat","rue Wellinck","van houtlei tot holstraat.",2,2
863,"Werkhuisstraat","rue de l'atelier","van drongenscheweg tot leikaai.",6,2
864,"Werregarenstraat","rue du fil-tors","van hoogpoort tot onderstraat.",1,1
865,"Weststraat","rue de l'ouest","Ledeberg, van vooruitgangplaats tot langestraat.",0,1
,"Weversstraat","rue des tisserands","van brugschesteenweg tot rooigemstraat.",6,2
866,"Wilderoosstraat","rue de l’églantine","van onderbergen tot engelandgat.",2,2
867,"Wilgestraat","rue du saule","in den nieuwen rabotwijk, van de kerkstraat tot kleistraat.",6,2
868,"Willem-Tellstraat","rue Guillaume-Tell","van bagattenstraat tot s. pietersvrouwstraat.",5,2
869,"Windmolenstraat","r. du moulin à-vent","van meulesteedschesteenweg tot spadestraat.","H 3",2
870,"Winkelstraat","rue des boutiques","van limburgstraat tot lange boomgaardstraat.",4,1
871,"Wollestraat","rue aux laines","van dampoortstr. tot dok.",7,1
872,"Wolvensteeg","r. aux loups","v. vrijdagm. tot baudeloolei.",1,1
873,"Wolvenstraat","rue des loups","ziet kleine bellevuestraat.",,
874,"Wondelgemstraat","rue de Wondelgem","in den nieuwen rabotwijk, van de brug op begijnhofboulevard tot wilgestraat.",6,2
875,"Wijngaardstraat","rue de la vigne","van pekelharing tot ijperstraat.",2,2
876,"IJkstraat","rue des jaugeurs","v. s. jansdreef tot het water.",1,1
877,"IJpersteeg","passage d’Ypres","van perstraat tot coupure, rechter oever).",2,2
878,"IJperstraat","rue d'Ypres","van violettenlei tot coupure.",2,2
879,"IJskelderstraat","rue de la glacière","in den nieuwen rabotwijk, van Desmetstraat tot kerkstraat.",6,2
880,"IJzerstraat","rue du fer","van weversstraat tot rooigemst.",6,2
881,"Zaadsteeg","r. des grainiers","v. hoogpoort tot onderstraat.",1,1
882,"Zaaimansstraat","rue des semeurs","van s. margrietestraat tot korte schipgracht.",3,1
883,"Zagermansstraat","rue des scieurs","van kortedagsteeg tot s. jansvest.",1,2
884,"Zakkebandstraat","rue aux liens","van koepoortkaai tot stuksken.",4,1
885,"Zandberg","place du sablon","van einde hoogpoort tot koningstraat.",1,1
886,"Zandstraat","rue du sable","van einde kleistraat tot zwijnaardsche steenweg.","H 5",2
887,"Zeemsstraat","rue du miel","van Oostakkerstraat tot biestraat.",7,1
888,"Zeilstraat","rue de la voille","van meulesteedschesteenweg tusschen nrs 74 en 76 tot spadestraat.","H 3",3
889,"Zeugesteeg","r. aux truies","v. plottersgracht tot geldmunt",3,1
890,"Zeurzaksteeg","rue des tricheurs","ziet appelbrugstraat.",,
891,"Zilverstraat","rue d'argent","van beestenmarkt tot kalverm.",1,1
892,"Zomerstraat",,"ziet De Somerstaaat.",,
893,"Zonder eindestraat",,"ziet straat zonder einde.",,
894,"Zondernaamstraat","rue des sans-nom","van metsersstraat tot kasteelbrugstraat.",7,1
895,"Zonnestraat","rue du soleil","v. kouter tot recollettenplein.",1,2
896,"Zoutstraat","rue du sel","van nederkouter tot de lei.",5,2
897,"Zuidkaai, b. de brugschepoort","quai du sud, faubourg de Bruges","van phenixstraat tot groendreef.",6,2
898,"Zuivelsteeg","rue du laitage","van zuivelbrugstraat tot vrijdagmarkt.",1,1
899,"Zuivelbrugstraat","rue du pont du laitage","van zuivelsteeg tot oudburg.",3,1
900,"Zwaanstraat","rue du cygne","v. oudburg tot k. kalversteeg.",3,1
901,"Zwaardsteeg","impasse du glaive","van brabantdam tot de schelde, zonder einde.",4,1
902,"Zwaluwensstraat","rue des hirondelles","van rooigemstraat tot leikaai.",6,2
903,"Zwartezusterstraat","rue des soeurs-noires ou des charretiers","van onderbergen tot struifsteeg.",2,2
904,"Zwijnaardschesteenweg","chaussée de Zwijnaarde","van normaalschoolstr. tot zwijnaarde, s. Pieters-Aalst.","H 5",2
906,"Aardewegbrug","pont du chemin de terre","op de noordkaai. buiten de brugschepoort.",,
907,"Academiebrug","pont de l’académie","tusschen de academiestraat en de lievekaai.",,
908,"Antwerpschepoortbrug","pont de la porte d'Anvers","tusschen de dampoortstraat en den antwerpschesteenweg.",,
909,"Appelbrug","pont aux pommes","tusschen de appelbrugstraat en de breidelsteeg.",,
910,"Bargiebrug","pont de la barque","tusschen de noordkaai en de phoenixstraat, brugschepoort.",,
911,"Berouwbrug","pont du repentir","in de berouwstraat.",,
912,"Bestormbrug","pont d'assaut","tusschen de bestormstraat en de violettenlei.",,
913,"Brugschepoortbrug","pont de la porte de Bruges","tusschen de brugschepoortstraat en de noordkaai.",,
914,"Chartreuzenbrug","pont des chartreux","tusschen de roodelijvekensstraat en de chartreuzenstraat.",,
915,"Citadelbrug",,"ziet leibrug.",,
916,"Dampoortbrug",,"ziet antwerpschepoortbrug.",,
917,"Depauwbrug","pont De Pauw","tusschen de kasteelkaai en s. machariusstraat.",,
918,"De Smetbrug","pont De Smet","van begijnhofboulevard tot De Smetstraat, nieuwen rabotwijk.",,
919,"Driegatenbrug","pont de trois vannes","tusschen de coupure en de phoenixstraat.",,
920,"Entrepotbrug","pont de l'entrepôt","tusschen de lindenlei en de coupure, linker oever.",,
921,"Grasbrug","pont aux herbes","tusschen de gras- en koornlei.",,
922,"Grendelgatbrug","pont du verrou","op den bleekersdijk.",,
923,"Halsbrekerssbrug","pont du casse-cou","tusschen de s. salvatorstraat en het groot meerhem.",,
924,"Hoofdbrug",,"ziet onthoofdbrug.",,
925,"Huidevettersbrugsken","pont des tanneurs","tusschen het huidevetterken en de slijpstraat.",,
926,"Kasteelbrug of Depauwbrug","pont du chateau ou Depauw","tusschen de kasteelkaai en s. machariusstraat.",,
927,"Kernmelkbrug","pont du lait battu","tusschen bij s. Jacobs en het steendam.",,
928,"Ketelpoortbrug","pont des chaudronniers ou des bastions","tusschen het recollettenplein en den nederkouter.",,
929,"Koepoortbrug","pont de la porte aux vaches","op de koepoortkaai.",,
930,"Kombrug","pont du bassin","tusschen de kalvermarkt en de roodetorenstraat.",,
931,"Kriekerijbrug","pont de la cérisaie","in het kriekerijstraatje.",,
932,"Krommenwalbrug","pont du fossé courbe","van krommenwal tot sluizekensstraat.",,
933,"Leibrug","pont de la Lys","van godshuizenboul tot citadellaan.",,
934,"Lievebrug","pont de la lieve","tusschen de lievestraat en de lievekaai.",,
935,"Lousbergsbrug","pont Lousbergs","tusschen de visscherij en kasteellaan.",,
936,"Marcellisbrug of ijzerenbrug","pont Marcellis ou en fer","tusschen de lammerstraat en de Lieven Bauwensplaats.",,
937,"Meerschbrug","pont du pré","op den geuzenberg.",,
938,"Meulestedebrug","pont de Meulestede","tusschen Meulestede en Wondelgem.",,
939,"Minnemeerschbrug","pont du pré-d'amour","tusschen de minnemeerschplaats en de huidevetterkaai.",,
940,"Muidebrugsken","pont du sas","tusschen de slijpstraat en de s. salvatorstraat.",,
941,"Muink- of monnikbrug","pont des moines","tusschen de muinkkbrugstraat en de muinkkaai.",,
942,"Nieuwbrug","pont neuf","tusschen de s. jacobsnieuwstraat en de keizerkarelstraat.",,
943,"Nieuwenboschbrug","pont du nouveau bois","in de tweebruggenstraat.",,
944,"Nieuwe sluisbrug","pont de la nouv. écluse","op de sasschekaai.",,
945,"Nieuwe vaartbrug","pont du canal de raccordement","aan de palingshuizen; over de verbindingsvaart.",,
946,"Nieuwe wandelingbrug","pont de la nouvelle promenade","tusschen de contributiestraat en de nieuwe wandeling.",,
947,"Oliebrugsken","pont de l'huile","in het oliestraatje.",,
948,"Onthoofdbrug","pont de l'exécution","tusschen de hoogezonne straat en de burgstraat.",,
949,"Oordeelbrug","pont du jugement","tusschen de recollettenlei en de lindenlei.",,
950,"Ottergembrug","pont d'Ottergem","nieuwe brug op de Schelde aan den ijzeren weg, bij s. lievenspoort.",,
951,"Oude brugschepoortbrug","pont de l’ancienne porte de Bruges","tusschen de driegatenbrug aan de phoenixstraat en leikaai.",,
952,"Oude scheldebrug of s. lievensvestbrug","pont du rempart s. Liévin","tusschen s. lievenstraat en Ledeberg.",,
953,"Palingshuizenbrug","pont des maisons aux anguilles","van palingshuizen tot de groendreef.",,
954,"Pasbrug","pont de la passe","tusschen de roodetorenstraat en de visscherij.",,
955,"Plattesteegerbrug","pont de l'escallier","tusschen de s. salvatorstraat en het groot meerhem.",,
956,"Predikheerenbrug","pont des dominicains","tusschen de hoornstraat en de predikheerenstraat.",,
957,"Rabotbrug","pont du rabot","tusschen den begijnhofboulev. en den boulevard van plaisance.",,
958,"Rakenbrug","pont du râteau","tusschen het kortschipgracht en de chartreuzenstraat.",,
959,"Rasphuisbrug","pont de la maison de force","tusschen den rechter en linkeroever der coupure, aan de rasphuisstraat.",,
960,"Recollettenbrug","pont des récollets","tusschen het recollettenplein en kort onderbergen.",,
961,"Roodentorenbrug","pont de la tour rouge","tusschen de visscherij en de roodentorenkaai.",,
962,"Rozemarijnbrug","pont du romarin","tusschen den rechter¬ en linkeroever der coupure, aan de twaalfkamerstraat.",,
963,"Sasschepoortbrug","pont de la porte du sas","tusschen de voormuide en den meulesteedschen steenweg.",,
964,"S. Gillisbrug","pont s. Gilles","tusschen de s. gillisstraat en de chartreuzenstraat.",,
965,"S. Jansbrug","pont s. Jean","tusschen de oude schaapmarkt en de s. jansdreef.",,
966,"S. Jorisbrug","pont s. Georges","tusschen het steendam en de roodentorenkaai.",,
967,"S. Michielsbrug","pont s. Michel","tusschen de sterrestraat en de koornlei, aan s. Michielskerk.",,
968,"Slachthuisbrug","pont de l’abattoir","tusschen de visscherij en de slachthuislaan.",,
969,"Sleutelkensbrug","pont des petites clefs","tusschen de lange steenstraat en de korte steenstraat.",,
970,"Sluizekensbrug","pont des écluses","tusschen de oudburg en het sluizeken.",,
971,"Stukbrug","pont de la pièce","tusschen de apostelstraat en het stuksken.",,
972,"Terplatenbrug","pont de Terplaten","tusschen s. Lievensvest en boulevard der citadel.",,
973,"Tichelrijbrug","pont des tuileries","op de tichelrij.",,
974,"Tolhuisbrug","pont du péage","tusschen de plezantevest en de nijverheidsplaats.",,
975,"Torenbrug","pont de la tour ou de Thourout","tusschen den poel en de hoogstraat.",,
976,"Van Eyckbrug","pont Van Eyck","tusschen de visscherij en de van Eyckplaats.",,
977,"Verbindingsbrug nr 1","pont de raccordement n° 1","de 1ste ten einde der Vanderbruggensteeg",,
977,"Verbindingsbrug nr 2","pont de raccordement n° 2","de 2de van de visscherij tot kasteelboulevard",,
977,"Verbindingsbrug nr 3","pont de raccordement n° 3","en de 3de van den kasteelboulevard naar de kasteelkaai.",,
978,"Verlorenbroodbrug","pont du pain perdu","tusschen de verlorenbroodstraat en de coupure, linker oever.",,
979,"Visscherijkombrug","pont du bassin de la pêcherie","tusschen de visscherij en boulevard Lousbergs aan het keizers-sas.",,
980,"Vleeschhuisbrug","pont de la boucherie","tusschen de groenselmarkt en de kleine vischmarkt.",,
981,"Vijfwindgatbrug","pont des cinq vannes","tusschen de lange violettenstraat en de brusselsche¬ en s. lievenstraat.",,
982,"Walpoortbrug","pont madou","tusschen de kortedagsteeg en de walpoortbrugstraat.",,
983,"Willembrug","pont Guillaume","tusschen de visscherij en de keizerstraat.",,
984,"Wondelgembrug","pont de Wondelgem","brug op de nieuwe vaart ten einde der wondelgemstraat.",,
985,"Wijngaardbrug","pont de la vigne","tusschen het s. baafsplein en den reep.",,
986,"Zaatbrug","pont du chantier","tusschen het groot meerhem en het klein meerhem.",,
987,"Zottepoortbrug","pont aux folles","tusschen de korte violettenstraat en de annonciadenstraat.",,
988,"Zuivelbrug","pont du laitage","tusschen de tuivelsteeg en de zuivelbrugstraat.",,
